<?xml version="1.0" encoding="UTF-8"?>

<Condition xmlns="http://hl7.org/fhir">
  <text>
    <status value="generated"/>
    <div xmlns="http://www.w3.org/1999/xhtml">
      <p>
        <b>Generated Narrative with Details</b>
      </p>
      <p>
        <b>subject</b>: 
        <a href="patient-example-f201-roel.html">Roel. Generated Summary: BSN = 123456789 (official), BSN = 123456789 (official); Roel(official); M; birthDate: 13-Mar 1960; 
          <span title="Codes: {http://snomed.info/sct 36629006}, {http://hl7.org/fhir/v3/MaritalStatus M}">Legally married</span>; 
          <span title="Codes: {urn:std:iso:639-1 nl-NL}">Dutch</span>; active
        </a>
      </p>
      <p>
        <b>dateAsserted</b>: 1-Dec 2012
      </p>
      <p>
        <b>code</b>: Malignant neoplastic disease 
        <span style="background: LightGoldenRodYellow ">(Details : {SNOMED CT code &#39;363346000&#39; = &#39;Cancer&#39;, given as &#39;Malignant neoplastic disease&#39;})</span>
      </p>
      <p>
        <b>category</b>: diagnose 
        <span style="background: LightGoldenRodYellow ">(Details : {http://hl7.org/fhir/condition-category code &#39;diagnose&#39; = &#39;diagnose&#39;, given as &#39;null&#39;})</span>
      </p>
      <p>
        <b>status</b>: confirmed
      </p>
      <p>
        <b>certainty</b>: Certain 
        <span style="background: LightGoldenRodYellow ">(Details : {SNOMED CT code &#39;17162000&#39; = &#39;Certain&#39;, given as &#39;Certain&#39;})</span>
      </p>
      <p>
        <b>severity</b>: Severe 
        <span style="background: LightGoldenRodYellow ">(Details : {SNOMED CT code &#39;24484000&#39; = &#39;Severe&#39;, given as &#39;Severe&#39;})</span>
      </p>
      <p>
        <b>onset</b>: 52 years
        <span style="background: LightGoldenRodYellow "> (Details: SNOMED CT code 258707000 = &#39;year (qualifier value)&#39;)</span>
      </p>
      <h3>Evidences</h3>
      <table class="grid">
        <tr>
          <td>
            <b>Code</b>
          </td>
          <td>
            <b>Detail</b>
          </td>
        </tr>
        <tr>
          <td> </td>
          <td>
            <a href="diagnosticreport-example-f201-brainct.html">Erasmus&#39; diagnostic report of Roel&#39;s tumor. Generated Summary: 
              <span title="Codes: {http://snomed.info/sct 429858000}">CT of head-neck</span>; final_; issued: 1-Dec 2012 12:0; Roel; Blijdorp MC; 
              <span title="Codes: {http://snomed.info/sct 394914008}, {http://hl7.org/fhir/v2/0074 RAD}">Radiology</span>; diagnostic: 1-Dec 2012 12:0; conclusion: CT brains: large tumor sphenoid/clivus.; 
              <span title="Codes: {http://snomed.info/sct 188340000}">Malignant tumor of craniopharyngeal duct</span>
            </a>
          </td>
        </tr>
      </table>
      <h3>Locations</h3>
      <table class="grid">
        <tr>
          <td>
            <b>Code</b>
          </td>
          <td>
            <b>Detail</b>
          </td>
        </tr>
        <tr>
          <td>Entire head and neck 
            <span style="background: LightGoldenRodYellow ">(Details : {SNOMED CT code &#39;361355005&#39; = &#39;Head and neck&#39;, given as &#39;Entire head and neck&#39;})</span>
          </td>
          <td> </td>
        </tr>
      </table>
    </div>
  </text>
  <subject><!--  It entails Roel's problem  -->
    <reference value="Patient/f201"/>
    <display value="Roel"/>
  </subject><!--  It was not established during an encounter, but through a diagnostic report of december 2012  -->
  <dateAsserted value="2012-12-01"/><!--  The problem was asserted at December first  -->
  <code><!--  The problem is a malignant tumor  -->
    <coding>
      <system value="http://snomed.info/sct"/>
      <code value="363346000"/>
      <display value="Malignant neoplastic disease"/>
    </coding>
  </code>
  <category>
    <coding>
      <system value="http://hl7.org/fhir/condition-category"/>
      <code value="diagnose"/>
    </coding>
  </category>
  <status value="confirmed"/>
  <certainty>
    <coding>
      <system value="http://snomed.info/sct"/>
      <code value="17162000"/>
      <display value="Certain"/>
    </coding>
  </certainty>
  <severity>
    <coding>
      <system value="http://snomed.info/sct"/>
      <code value="24484000"/>
      <display value="Severe"/>
    </coding>
  </severity>
  <onsetAge>
    <value value="52"/>
    <units value="years"/>
    <system value="http://snomed.info/sct"/>
    <code value="258707000"/>
  </onsetAge><!--  No remission means no <rebatement>  -->
  <evidence><!--  Problem is confirmed in diagnostic report  -->
    <detail>
      <reference value="DiagnosticReport/f201"/>
      <display value="Erasmus&#39; diagnostic report of Roel&#39;s tumor"/>
    </detail>
  </evidence>
  <location><!--  Head and neck malignancy  -->
    <code>
      <coding>
        <system value="http://snomed.info/sct"/>
        <code value="361355005"/>
        <display value="Entire head and neck"/>
      </coding>
    </code>
  </location>
</Condition>