<?xml version="1.0" encoding="UTF-8"?>

<Profile xmlns="http://hl7.org/fhir">
  <text>
    <status value="generated"/><div xmlns="http://www.w3.org/1999/xhtml">to do</div>
  </text>
  <url value="http://hl7.org/fhir/Profile/condition-quick-occurrence"/>
  <name value="QUICK Condition Occurrence"/>
  <publisher value="Health Level Seven"/>
  <telecom>
    <system value="url"/>
    <value value="http://hl7.org"/>
  </telecom>
  <description value="Profile of the &quot;Condition Occurrence&quot; class within the QUICK decision support/quality metrics model"/>
  <status value="draft"/>
  <date value="2014-08-12"/>
  <structure>
    <type value="Condition"/>
    <base value="http://hl7.org/fhir/Profile/Condition"/>
    <name value="QUICK-Occurrence"/>
    <publish value="true"/>
    <snapshot>
      <element>
        <path value="Condition"/>
        <name value="QUICK-Occurrence"/>
        <definition>
          <short value="Detailed information about conditions, problems or diagnoses"/>
          <formal value="Use to record detailed information about conditions, problems or diagnoses recognized by a clinician. There are many uses including: recording a Diagnosis during an Encounter; populating a problem List or a Summary Statement, such as a Discharge Summary."/>
          <min value="1"/>
          <max value="1"/>
          <type>
            <code value="Resource"/>
          </type>
          <mustSupport value="false"/>
          <isModifier value="false"/>
          <mapping>
            <identity value="v2"/>
            <map value="PPR message"/>
          </mapping>
          <mapping>
            <identity value="rim"/>
            <map value="Observation[classCode=OBS, moodCode=EVN, code=ASSERTION, value&lt;Diagnosis]"/>
          </mapping>
        </definition>
      </element>
      <element>
        <path value="Condition.extension"/>
        <definition>
          <short value="Additional Content defined by implementations"/>
          <formal value="May be used to represent additional information that is not part of the basic definition of the resource. In order to make the use of extensions safe and manageable, there is a strict set of governance  applied to the definition and use of extensions. Though any implementer is allowed to define an extension, there is a set of requirements that SHALL be met as part of the definition of the extension."/>
          <comments value="There can be no stigma associated with the use of extensions by any application, project, or standard - regardless of the institution or jurisdiction that uses or defines the extensions.  The use of extensions is what allows the FHIR specification to retain a core level of simplicity for everyone."/>
          <synonym value="extensions"/>
          <synonym value="user content"/>
          <min value="0"/>
          <max value="*"/>
          <type>
            <code value="Extension"/>
          </type>
        </definition>
      </element>
      <element>
        <path value="Condition.modifierExtension"/>
        <definition>
          <short value="Extensions that cannot be ignored"/>
          <formal value="May be used to represent additional information that is not part of the basic definition of the resource, and that modifies the understanding of the element that contains it. Usually modifier elements provide negation or qualification. In order to make the use of extensions safe and manageable, there is a strict set of governance applied to the definition and use of extensions. Though any implementer is allowed to define an extension, there is a set of requirements that SHALL be met as part of the definition of the extension. Applications processing a resource are required to check for modifier extensions."/>
          <comments value="There can be no stigma associated with the use of extensions by any application, project, or standard - regardless of the institution or jurisdiction that uses or defines the extensions.  The use of extensions is what allows the FHIR specification to retain a core level of simplicity for everyone."/>
          <synonym value="extensions"/>
          <synonym value="user content"/>
          <min value="0"/>
          <max value="*"/>
          <type>
            <code value="Extension"/>
          </type>
        </definition>
      </element>
      <element>
        <path value="Condition.language"/>
        <definition>
          <short value="Language of the resource content"/>
          <formal value="The base language in which the resource is written."/>
          <comments value="Language is provided to support indexing and accessibility (typically, services such as text to speech use the language tag). The html language tag in the narrative applies  to the narrative. The language tag on the resource may be used to specify the language of other presentations generated from the data in the resource

Not all the content has to be in the base language. The Resource.language should not be assumed to apply to the narrative automatically. If a language is specified, it should it also be specified on the div element in the html (see rules in HTML5 for information about the relationship between xml:lang and the html lang attribute)."/>
          <min value="0"/>
          <max value="1"/>
          <type>
            <code value="code"/>
          </type>
        </definition>
      </element>
      <element>
        <path value="Condition.text"/>
        <definition>
          <short value="Text summary of the resource, for human interpretation"/>
          <formal value="A human-readable narrative that contains a summary of the resource, and may be used to represent the content of the resource to a human. The narrative need not encode all the structured data, but is required to contain sufficient detail to make it &quot;clinically safe&quot; for a human to just read the narrative. Resource definitions may define what content should be represented in the narrative to ensure clinical safety."/>
          <comments value="Contained resources do not have narrative. Resources that are not contained SHOULD have a narrative."/>
          <synonym value="narrative"/>
          <synonym value="html"/>
          <synonym value="xhtml"/>
          <synonym value="display"/>
          <min value="0"/>
          <max value="1"/>
          <type>
            <code value="Narrative"/>
          </type>
        </definition>
      </element>
      <element>
        <path value="Condition.contained"/>
        <definition>
          <short value="Contained, inline Resources"/>
          <formal value="These resources do not have an independent existence apart from the resource that contains them - they cannot be identified independently, and nor can they have their own independent transaction scope."/>
          <comments value="This should never be done when the content can be identified properly, as once identification is lost, it is extremely difficult (and context dependent) to restore it again."/>
          <synonym value="inline resources"/>
          <synonym value="anonymous resources"/>
          <synonym value="contained resources"/>
          <min value="0"/>
          <max value="*"/>
          <type>
            <code value="Resource"/>
          </type>
        </definition>
      </element>
      <element>
        <path value="Condition.identifier"/>
        <definition>
          <short value="External Ids for this condition"/>
          <formal value="This records identifiers associated with this condition that are defined by business processed and/ or used to refer to it when a direct URL reference to the resource itself is not appropriate (e.g. in CDA documents, or in written / printed documentation)."/>
          <min value="1"/>
          <max value="1"/>
          <type>
            <code value="Identifier"/>
          </type>
          <mustSupport value="false"/>
          <isModifier value="false"/>
          <mapping>
            <identity value="rim"/>
            <map value=".id"/>
          </mapping>
        </definition>
      </element>
      <element>
        <path value="Condition.subject"/>
        <definition>
          <short value="Who has the condition?"/>
          <formal value="Indicates the patient who the condition record is associated with."/>
          <min value="1"/>
          <max value="1"/>
          <type>
            <code value="ResourceReference"/>
            <profile value="http://hl7.org/fhir/Profile/Patient"/>
          </type>
          <mustSupport value="false"/>
          <isModifier value="false"/>
          <mapping>
            <identity value="v2"/>
            <map value="PID-3"/>
          </mapping>
          <mapping>
            <identity value="rim"/>
            <map value=".participation[typeCode=SBJ].role[classCode=PAT]"/>
          </mapping>
        </definition>
      </element>
      <element>
        <path value="Condition.encounter"/>
        <definition>
          <short value="Encounter when condition first asserted"/>
          <formal value="Encounter during which the condition was first asserted."/>
          <min value="0"/>
          <max value="1"/>
          <type>
            <code value="ResourceReference"/>
            <profile value="http://hl7.org/fhir/Profile/Encounter"/>
          </type>
          <mustSupport value="false"/>
          <isModifier value="false"/>
          <mapping>
            <identity value="v2"/>
            <map value="PV1-19 (+PV1-54)"/>
          </mapping>
          <mapping>
            <identity value="rim"/>
            <map value=".inboundRelationship[typeCode=COMP].source[classCode=ENC, moodCode=EVN]"/>
          </mapping>
        </definition>
      </element>
      <element>
        <path value="Condition.asserter"/>
        <definition>
          <short value="Person who asserts this condition"/>
          <formal value="Person who takes responsibility for asserting the existence of the condition as part of the electronic record."/>
          <min value="0"/>
          <max value="1"/>
          <type>
            <code value="ResourceReference"/>
            <profile value="http://hl7.org/fhir/Profile/Practitioner"/>
          </type>
          <type>
            <code value="ResourceReference"/>
            <profile value="http://hl7.org/fhir/Profile/Patient"/>
          </type>
          <mustSupport value="false"/>
          <isModifier value="false"/>
          <mapping>
            <identity value="v2"/>
            <map value="REL-7.1 identifier + REL-7.12 type code"/>
          </mapping>
          <mapping>
            <identity value="rim"/>
            <map value=".participation[typeCode=AUT].role"/>
          </mapping>
        </definition>
      </element>
      <element>
        <path value="Condition.dateAsserted"/>
        <definition>
          <short value="When first detected/suspected/entered"/>
          <formal value="Estimated or actual date the condition/problem/diagnosis was first detected/suspected."/>
          <min value="0"/>
          <max value="1"/>
          <type>
            <code value="date"/>
          </type>
          <mustSupport value="false"/>
          <isModifier value="false"/>
          <mapping>
            <identity value="v2"/>
            <map value="REL-11"/>
          </mapping>
          <mapping>
            <identity value="rim"/>
            <map value=".participation[typeCode=AUT].time"/>
          </mapping>
        </definition>
      </element>
      <element>
        <path value="Condition.code"/>
        <definition>
          <short value="Identification of the condition, problem or diagnosis"/>
          <formal value="Identification of the condition, problem or diagnosis."/>
          <min value="1"/>
          <max value="1"/>
          <type>
            <code value="CodeableConcept"/>
          </type>
          <mustSupport value="false"/>
          <isModifier value="false"/>
          <binding>
            <name value="ConditionKind"/>
            <isExtensible value="false"/>
            <description value="Identification of the Condition or diagnosis."/>
            <referenceResource>
              <reference value="http://hl7.org/fhir/vs/condition-code"/>
            </referenceResource>
          </binding>
          <mapping>
            <identity value="v2"/>
            <map value="PRB-3"/>
          </mapping>
          <mapping>
            <identity value="rim"/>
            <map value=".value"/>
          </mapping>
        </definition>
      </element>
      <element>
        <path value="Condition.category"/>
        <definition>
          <short value="E.g. complaint | symptom | finding | diagnosis"/>
          <formal value="A category assigned to the condition. E.g. complaint | symptom | finding | diagnosis."/>
          <comments value="The categorization is often highly contextual and may appear poorly differentiated or not very useful in other contexts."/>
          <min value="0"/>
          <max value="1"/>
          <type>
            <code value="CodeableConcept"/>
          </type>
          <mustSupport value="false"/>
          <isModifier value="false"/>
          <binding>
            <name value="ConditionCategory"/>
            <isExtensible value="false"/>
            <description value="A category assigned to the condition. E.g. finding | Condition | diagnosis | concern | condition"/>
            <referenceResource>
              <reference value="http://hl7.org/fhir/vs/condition-category"/>
            </referenceResource>
          </binding>
          <mapping>
            <identity value="v2"/>
            <map value="&#39;problem&#39; if from PRB-3. &#39;diagnosis&#39; if from DG1 segment in PV1 message"/>
          </mapping>
          <mapping>
            <identity value="rim"/>
            <map value=".code"/>
          </mapping>
        </definition>
      </element>
      <element>
        <path value="Condition.status"/>
        <definition>
          <short value="provisional | working | confirmed | refuted"/>
          <formal value="The clinical status of the condition."/>
          <min value="1"/>
          <max value="1"/>
          <type>
            <code value="code"/>
          </type>
          <mustSupport value="false"/>
          <isModifier value="true"/>
          <binding>
            <name value="ConditionStatus"/>
            <isExtensible value="false"/>
            <description value="The clinical status of the Condition or diagnosis"/>
            <referenceResource>
              <reference value="http://hl7.org/fhir/vs/condition-status"/>
            </referenceResource>
          </binding>
          <mapping>
            <identity value="v2"/>
            <map value="PRB-14 / DG1-6"/>
          </mapping>
          <mapping>
            <identity value="rim"/>
            <map value=".code (pre or post-coordinated in)

Can use valueNegationInd for refuted"/>
          </mapping>
        </definition>
      </element>
      <element>
        <path value="Condition.certainty"/>
        <definition>
          <short value="Degree of confidence"/>
          <formal value="The degree of confidence that this condition is correct."/>
          <comments value="May be a percentage."/>
          <min value="0"/>
          <max value="1"/>
          <type>
            <code value="CodeableConcept"/>
          </type>
          <mustSupport value="false"/>
          <isModifier value="true"/>
          <binding>
            <name value="ConditionCertainty"/>
            <isExtensible value="false"/>
            <description value="The degree of confidence that this condition is correct"/>
            <referenceResource>
              <reference value="http://hl7.org/fhir/vs/condition-certainty"/>
            </referenceResource>
          </binding>
          <mapping>
            <identity value="v2"/>
            <map value="PRB-19"/>
          </mapping>
          <mapping>
            <identity value="rim"/>
            <map value=".uncertaintyCode"/>
          </mapping>
        </definition>
      </element>
      <element>
        <path value="Condition.severity"/>
        <definition>
          <short value="Subjective severity of condition"/>
          <formal value="A subjective assessment of the severity of the condition as evaluated by the clinician."/>
          <comments value="Coding of the severity with a terminology is preferred, where possible."/>
          <min value="0"/>
          <max value="1"/>
          <type>
            <code value="CodeableConcept"/>
          </type>
          <mustSupport value="false"/>
          <isModifier value="false"/>
          <binding>
            <name value="ConditionSeverity"/>
            <isExtensible value="false"/>
            <description value="A subjective assessment of the severity of the condition as evaluated by the clinician."/>
            <referenceResource>
              <reference value="http://hl7.org/fhir/vs/condition-severity"/>
            </referenceResource>
          </binding>
          <mapping>
            <identity value="v2"/>
            <map value="PRB-26 / ABS-3"/>
          </mapping>
          <mapping>
            <identity value="rim"/>
            <map value="Can be pre/post-coordinated into value.  Or
./inboundRelationship[typeCode=SUBJ].source[classCode=OBS, moodCode=EVN, code=&quot;severity&quot;].value"/>
          </mapping>
        </definition>
      </element>
      <element>
        <path value="Condition.onset[x]"/>
        <definition>
          <short value="Estimated or actual date, or age"/>
          <formal value="Estimated or actual date the condition began, in the opinion of the clinician."/>
          <comments value="Age is generally used when the patient reports an age at which the Condition began to occur."/>
          <min value="0"/>
          <max value="1"/>
          <type>
            <code value="date"/>
          </type>
          <type>
            <code value="Age"/>
          </type>
          <mustSupport value="false"/>
          <isModifier value="false"/>
          <mapping>
            <identity value="v2"/>
            <map value="PRB-16"/>
          </mapping>
          <mapping>
            <identity value="rim"/>
            <map value=".effectiveTime.low
or
.inboundRelationship[typeCode=SUBJ].source[classCode=OBS, moodCode=EVN, code=&quot;age at onset&quot;].value"/>
          </mapping>
        </definition>
      </element>
      <element>
        <path value="Condition.abatement[x]"/>
        <definition>
          <short value="If/when in resolution/remission"/>
          <formal value="The date or estimated date that the condition resolved or went into remission. This is called &quot;abatement&quot; because of the many overloaded connotations associated with &quot;remission&quot; or &quot;resolution&quot; - Conditions are never really resolved, but they can abate."/>
          <comments value="There is no explicit distinction between resolution and remission because in many cases the distinction is not clear. Age is generally used when the patient reports an age at which the Condition abated.

If there is no abatement element, it is unknown whether the condition has resolved or entered remission; applications and users should generally assume that the condition is still valid."/>
          <min value="0"/>
          <max value="1"/>
          <type>
            <code value="date"/>
          </type>
          <type>
            <code value="Age"/>
          </type>
          <type>
            <code value="boolean"/>
          </type>
          <mustSupport value="false"/>
          <isModifier value="false"/>
          <mapping>
            <identity value="rim"/>
            <map value=".effectiveTime.high
or
.inboundRelationship[typeCode=SUBJ].source[classCode=OBS, moodCode=EVN, code=&quot;age at remission&quot;].value
or
.inboundRelationship[typeCode=SUBJ]source[classCode=CONC, moodCode=EVN].status=completed"/>
          </mapping>
        </definition>
      </element>
      <element>
        <path value="Condition.stage"/>
        <definition>
          <short value="Stage/grade, usually assessed formally"/>
          <formal value="Clinical stage or grade of a condition. May include formal severity assessments."/>
          <min value="0"/>
          <max value="1"/>
          <constraint>
            <key value="1"/>
            <name value="Stage rule"/>
            <severity value="error"/>
            <human value="Stage SHALL have summary or assessment"/>
            <xpath value="exists(f:summary) or exists(f:assessment)"/>
          </constraint>
          <mustSupport value="false"/>
          <isModifier value="false"/>
          <mapping>
            <identity value="rim"/>
            <map value="./inboundRelationship[typeCode=SUBJ].source[classCode=OBS, moodCode=EVN, code=&quot;stage/grade&quot;]"/>
          </mapping>
        </definition>
      </element>
      <element>
        <path value="Condition.stage.extension"/>
        <definition>
          <short value="Additional Content defined by implementations"/>
          <formal value="May be used to represent additional information that is not part of the basic definition of the resource. In order to make the use of extensions safe and manageable, there is a strict set of governance  applied to the definition and use of extensions. Though any implementer is allowed to define an extension, there is a set of requirements that SHALL be met as part of the definition of the extension."/>
          <comments value="There can be no stigma associated with the use of extensions by any application, project, or standard - regardless of the institution or jurisdiction that uses or defines the extensions.  The use of extensions is what allows the FHIR specification to retain a core level of simplicity for everyone."/>
          <synonym value="extensions"/>
          <synonym value="user content"/>
          <min value="0"/>
          <max value="*"/>
          <type>
            <code value="Extension"/>
          </type>
        </definition>
      </element>
      <element>
        <path value="Condition.stage.modifierExtension"/>
        <definition>
          <short value="Extensions that cannot be ignored"/>
          <formal value="May be used to represent additional information that is not part of the basic definition of the resource, and that modifies the understanding of the element that contains it. Usually modifier elements provide negation or qualification. In order to make the use of extensions safe and manageable, there is a strict set of governance applied to the definition and use of extensions. Though any implementer is allowed to define an extension, there is a set of requirements that SHALL be met as part of the definition of the extension. Applications processing a resource are required to check for modifier extensions."/>
          <comments value="There can be no stigma associated with the use of extensions by any application, project, or standard - regardless of the institution or jurisdiction that uses or defines the extensions.  The use of extensions is what allows the FHIR specification to retain a core level of simplicity for everyone."/>
          <synonym value="extensions"/>
          <synonym value="user content"/>
          <min value="0"/>
          <max value="*"/>
          <type>
            <code value="Extension"/>
          </type>
        </definition>
      </element>
      <element>
        <path value="Condition.stage.summary"/>
        <definition>
          <short value="Simple summary (disease specific)"/>
          <formal value="A simple summary of the stage such as &quot;Stage 3&quot;. The determination of the stage is disease-specific."/>
          <min value="0"/>
          <max value="1"/>
          <type>
            <code value="CodeableConcept"/>
          </type>
          <mustSupport value="false"/>
          <isModifier value="false"/>
          <mapping>
            <identity value="rim"/>
            <map value=".value"/>
          </mapping>
        </definition>
      </element>
      <element>
        <path value="Condition.stage.assessment"/>
        <definition>
          <short value="Formal record of assessment"/>
          <formal value="Reference to a formal record of the evidence on which the staging assessment is based."/>
          <min value="0"/>
          <max value="*"/>
          <type>
            <code value="ResourceReference"/>
            <profile value="http://hl7.org/fhir/Profile/Any"/>
          </type>
          <mustSupport value="false"/>
          <isModifier value="false"/>
          <mapping>
            <identity value="rim"/>
            <map value=".self"/>
          </mapping>
        </definition>
      </element>
      <element>
        <path value="Condition.evidence"/>
        <definition>
          <short value="Supporting evidence"/>
          <formal value="Supporting Evidence / manifestations that are the basis on which this condition is suspected or confirmed."/>
          <comments value="The evidence may be a simple list of coded symptoms/manifestations, or references to observations or formal assessments, or both."/>
          <min value="0"/>
          <max value="*"/>
          <constraint>
            <key value="2"/>
            <name value="Evidence"/>
            <severity value="error"/>
            <human value="evidence SHALL have code or details"/>
            <xpath value="exists(f:code) or exists(f:detail)"/>
          </constraint>
          <mustSupport value="false"/>
          <isModifier value="false"/>
          <mapping>
            <identity value="rim"/>
            <map value=".outboundRelationship[typeCode=SPRT].target[classCode=OBS, moodCode=EVN]"/>
          </mapping>
        </definition>
      </element>
      <element>
        <path value="Condition.evidence.extension"/>
        <definition>
          <short value="Additional Content defined by implementations"/>
          <formal value="May be used to represent additional information that is not part of the basic definition of the resource. In order to make the use of extensions safe and manageable, there is a strict set of governance  applied to the definition and use of extensions. Though any implementer is allowed to define an extension, there is a set of requirements that SHALL be met as part of the definition of the extension."/>
          <comments value="There can be no stigma associated with the use of extensions by any application, project, or standard - regardless of the institution or jurisdiction that uses or defines the extensions.  The use of extensions is what allows the FHIR specification to retain a core level of simplicity for everyone."/>
          <synonym value="extensions"/>
          <synonym value="user content"/>
          <min value="0"/>
          <max value="*"/>
          <type>
            <code value="Extension"/>
          </type>
        </definition>
      </element>
      <element>
        <path value="Condition.evidence.modifierExtension"/>
        <definition>
          <short value="Extensions that cannot be ignored"/>
          <formal value="May be used to represent additional information that is not part of the basic definition of the resource, and that modifies the understanding of the element that contains it. Usually modifier elements provide negation or qualification. In order to make the use of extensions safe and manageable, there is a strict set of governance applied to the definition and use of extensions. Though any implementer is allowed to define an extension, there is a set of requirements that SHALL be met as part of the definition of the extension. Applications processing a resource are required to check for modifier extensions."/>
          <comments value="There can be no stigma associated with the use of extensions by any application, project, or standard - regardless of the institution or jurisdiction that uses or defines the extensions.  The use of extensions is what allows the FHIR specification to retain a core level of simplicity for everyone."/>
          <synonym value="extensions"/>
          <synonym value="user content"/>
          <min value="0"/>
          <max value="*"/>
          <type>
            <code value="Extension"/>
          </type>
        </definition>
      </element>
      <element>
        <path value="Condition.evidence.code"/>
        <definition>
          <short value="Manifestation/symptom"/>
          <formal value="A manifestation or symptom that led to the recording of this condition."/>
          <min value="0"/>
          <max value="1"/>
          <type>
            <code value="CodeableConcept"/>
          </type>
          <mustSupport value="false"/>
          <isModifier value="false"/>
          <mapping>
            <identity value="rim"/>
            <map value="[code=&quot;diagnosis&quot;].value"/>
          </mapping>
        </definition>
      </element>
      <element>
        <path value="Condition.evidence.detail"/>
        <definition>
          <short value="Supporting information found elsewhere"/>
          <formal value="Links to other relevant information, including pathology reports."/>
          <min value="0"/>
          <max value="*"/>
          <type>
            <code value="ResourceReference"/>
            <profile value="http://hl7.org/fhir/Profile/Any"/>
          </type>
          <mustSupport value="false"/>
          <isModifier value="false"/>
          <mapping>
            <identity value="rim"/>
            <map value=".self"/>
          </mapping>
        </definition>
      </element>
      <element>
        <path value="Condition.location"/>
        <definition>
          <short value="Anatomical location, if relevant"/>
          <formal value="The anatomical location where this condition manifests itself."/>
          <comments value="May be a summary code, or a reference to a very precise definition of the location, or both."/>
          <min value="0"/>
          <max value="*"/>
          <constraint>
            <key value="3"/>
            <name value="Location"/>
            <severity value="error"/>
            <human value="location SHALL have code or details"/>
            <xpath value="exists(f:code) or exists(f:detail)"/>
          </constraint>
          <mustSupport value="false"/>
          <isModifier value="false"/>
          <mapping>
            <identity value="rim"/>
            <map value=".targetBodySiteCode"/>
          </mapping>
        </definition>
      </element>
      <element>
        <path value="Condition.location.extension"/>
        <definition>
          <short value="Additional Content defined by implementations"/>
          <formal value="May be used to represent additional information that is not part of the basic definition of the resource. In order to make the use of extensions safe and manageable, there is a strict set of governance  applied to the definition and use of extensions. Though any implementer is allowed to define an extension, there is a set of requirements that SHALL be met as part of the definition of the extension."/>
          <comments value="There can be no stigma associated with the use of extensions by any application, project, or standard - regardless of the institution or jurisdiction that uses or defines the extensions.  The use of extensions is what allows the FHIR specification to retain a core level of simplicity for everyone."/>
          <synonym value="extensions"/>
          <synonym value="user content"/>
          <min value="0"/>
          <max value="*"/>
          <type>
            <code value="Extension"/>
          </type>
        </definition>
      </element>
      <element>
        <path value="Condition.location.modifierExtension"/>
        <definition>
          <short value="Extensions that cannot be ignored"/>
          <formal value="May be used to represent additional information that is not part of the basic definition of the resource, and that modifies the understanding of the element that contains it. Usually modifier elements provide negation or qualification. In order to make the use of extensions safe and manageable, there is a strict set of governance applied to the definition and use of extensions. Though any implementer is allowed to define an extension, there is a set of requirements that SHALL be met as part of the definition of the extension. Applications processing a resource are required to check for modifier extensions."/>
          <comments value="There can be no stigma associated with the use of extensions by any application, project, or standard - regardless of the institution or jurisdiction that uses or defines the extensions.  The use of extensions is what allows the FHIR specification to retain a core level of simplicity for everyone."/>
          <synonym value="extensions"/>
          <synonym value="user content"/>
          <min value="0"/>
          <max value="*"/>
          <type>
            <code value="Extension"/>
          </type>
        </definition>
      </element>
      <element>
        <path value="Condition.location.code"/>
        <definition>
          <short value="Location - may include laterality"/>
          <formal value="Code that identifies the structural location."/>
          <comments value="May include laterality."/>
          <min value="0"/>
          <max value="1"/>
          <type>
            <code value="CodeableConcept"/>
          </type>
          <mustSupport value="false"/>
          <isModifier value="false"/>
          <mapping>
            <identity value="rim"/>
            <map value=".self"/>
          </mapping>
        </definition>
      </element>
      <element>
        <path value="Condition.location.detail"/>
        <definition>
          <short value="Precise location details"/>
          <formal value="Detailed anatomical location information."/>
          <min value="0"/>
          <max value="1"/>
          <type>
            <code value="string"/>
          </type>
          <mustSupport value="false"/>
          <isModifier value="false"/>
          <mapping>
            <identity value="rim"/>
            <map value=".originalText"/>
          </mapping>
        </definition>
      </element>
      <element>
        <path value="Condition.relatedItem"/>
        <definition>
          <short value="Causes or precedents for this Condition"/>
          <formal value="Further conditions, problems, diagnoses, procedures or events that are related in some way to this condition, or the substance that caused/triggered this Condition."/>
          <comments value="Although a condition may be caused by a substance, this is not intended to be used to record allergies/adverse reactions to substances."/>
          <min value="0"/>
          <max value="*"/>
          <constraint>
            <key value="4"/>
            <name value="Relationship"/>
            <severity value="error"/>
            <human value="Relationship SHALL have either a code or a target"/>
            <xpath value="exists(f:code) != exists(f:target)"/>
          </constraint>
          <mustSupport value="false"/>
          <isModifier value="false"/>
          <mapping>
            <identity value="v2"/>
            <map value="could infer from presence of multiple PRB segments in a PPR message that the problems are related, but not clear how to communicate the nature of the relationship"/>
          </mapping>
          <mapping>
            <identity value="rim"/>
            <map value=".outboundRelationship[typeCode=RSON, SAS]"/>
          </mapping>
        </definition>
      </element>
      <element>
        <path value="Condition.relatedItem.extension"/>
        <definition>
          <short value="Additional Content defined by implementations"/>
          <formal value="May be used to represent additional information that is not part of the basic definition of the resource. In order to make the use of extensions safe and manageable, there is a strict set of governance  applied to the definition and use of extensions. Though any implementer is allowed to define an extension, there is a set of requirements that SHALL be met as part of the definition of the extension."/>
          <comments value="There can be no stigma associated with the use of extensions by any application, project, or standard - regardless of the institution or jurisdiction that uses or defines the extensions.  The use of extensions is what allows the FHIR specification to retain a core level of simplicity for everyone."/>
          <synonym value="extensions"/>
          <synonym value="user content"/>
          <min value="0"/>
          <max value="*"/>
          <type>
            <code value="Extension"/>
          </type>
        </definition>
      </element>
      <element>
        <path value="Condition.relatedItem.modifierExtension"/>
        <definition>
          <short value="Extensions that cannot be ignored"/>
          <formal value="May be used to represent additional information that is not part of the basic definition of the resource, and that modifies the understanding of the element that contains it. Usually modifier elements provide negation or qualification. In order to make the use of extensions safe and manageable, there is a strict set of governance applied to the definition and use of extensions. Though any implementer is allowed to define an extension, there is a set of requirements that SHALL be met as part of the definition of the extension. Applications processing a resource are required to check for modifier extensions."/>
          <comments value="There can be no stigma associated with the use of extensions by any application, project, or standard - regardless of the institution or jurisdiction that uses or defines the extensions.  The use of extensions is what allows the FHIR specification to retain a core level of simplicity for everyone."/>
          <synonym value="extensions"/>
          <synonym value="user content"/>
          <min value="0"/>
          <max value="*"/>
          <type>
            <code value="Extension"/>
          </type>
        </definition>
      </element>
      <element>
        <path value="Condition.relatedItem.type"/>
        <definition>
          <short value="due-to | following"/>
          <formal value="The type of relationship that this condition has to the related item."/>
          <min value="1"/>
          <max value="1"/>
          <type>
            <code value="code"/>
          </type>
          <mustSupport value="false"/>
          <isModifier value="false"/>
          <binding>
            <name value="ConditionRelationshipType"/>
            <isExtensible value="false"/>
            <description value="The type of relationship between a condition and its related item"/>
            <referenceResource>
              <reference value="http://hl7.org/fhir/vs/condition-relationship-type"/>
            </referenceResource>
          </binding>
          <mapping>
            <identity value="rim"/>
            <map value=".typeCode"/>
          </mapping>
        </definition>
      </element>
      <element>
        <path value="Condition.relatedItem.code"/>
        <definition>
          <short value="Relationship target by means of a predefined code"/>
          <formal value="Code that identifies the target of this relationship. The code takes the place of a detailed instance target."/>
          <min value="0"/>
          <max value="1"/>
          <type>
            <code value="CodeableConcept"/>
          </type>
          <mustSupport value="false"/>
          <isModifier value="false"/>
          <binding>
            <name value="ConditionKind"/>
            <isExtensible value="false"/>
            <description value="Identification of the Condition or diagnosis."/>
            <referenceResource>
              <reference value="http://hl7.org/fhir/vs/condition-code"/>
            </referenceResource>
          </binding>
          <mapping>
            <identity value="rim"/>
            <map value=".target[classCode=OBS, moodCode=EVN].code"/>
          </mapping>
        </definition>
      </element>
      <element>
        <path value="Condition.relatedItem.target"/>
        <definition>
          <short value="Relationship target resource"/>
          <formal value="Target of the relationship."/>
          <min value="0"/>
          <max value="1"/>
          <type>
            <code value="ResourceReference"/>
            <profile value="http://hl7.org/fhir/Profile/Condition"/>
          </type>
          <type>
            <code value="ResourceReference"/>
            <profile value="http://hl7.org/fhir/Profile/Procedure"/>
          </type>
          <type>
            <code value="ResourceReference"/>
            <profile value="http://hl7.org/fhir/Profile/MedicationAdministration"/>
          </type>
          <type>
            <code value="ResourceReference"/>
            <profile value="http://hl7.org/fhir/Profile/Immunization"/>
          </type>
          <type>
            <code value="ResourceReference"/>
            <profile value="http://hl7.org/fhir/Profile/MedicationStatement"/>
          </type>
          <mustSupport value="false"/>
          <isModifier value="false"/>
          <mapping>
            <identity value="rim"/>
            <map value=".target[classCode=OBS, moodCode=EVN]"/>
          </mapping>
        </definition>
      </element>
      <element>
        <path value="Condition.notes"/>
        <definition>
          <short value="Additional information about the Condition"/>
          <formal value="Additional information about the Condition. This is a general notes/comments entry  for description of the Condition, its diagnosis and prognosis."/>
          <min value="0"/>
          <max value="1"/>
          <type>
            <code value="string"/>
          </type>
          <mustSupport value="false"/>
          <isModifier value="false"/>
          <mapping>
            <identity value="v2"/>
            <map value="NTE child of PRB"/>
          </mapping>
          <mapping>
            <identity value="rim"/>
            <map value=".inboundRelationship[typeCode=SUBJ].source[classCode=OBS, moodCode=EVN, code=&quot;annotation&quot;].value"/>
          </mapping>
        </definition>
      </element>
    </snapshot>
    <differential>
      <element>
        <path value="Condition"/>
        <name value="QUICK-Occurrence"/>
        <definition>
          <min value="1"/>
          <max value="1"/>
          <type>
            <code value="Resource"/>
          </type>
          <mustSupport value="false"/>
          <isModifier value="false"/>
        </definition>
      </element>
      <element>
        <path value="Condition.identifier"/>
        <definition>
          <min value="1"/>
          <max value="1"/>
          <type>
            <code value="Identifier"/>
          </type>
          <mustSupport value="false"/>
          <isModifier value="false"/>
        </definition>
      </element>
      <element>
        <path value="Condition.subject"/>
        <definition>
          <min value="1"/>
          <max value="1"/>
          <type>
            <code value="ResourceReference"/>
            <profile value="http://hl7.org/fhir/Profile/Patient"/>
          </type>
          <mustSupport value="false"/>
          <isModifier value="false"/>
        </definition>
      </element>
      <element>
        <path value="Condition.encounter"/>
        <definition>
          <min value="0"/>
          <max value="1"/>
          <type>
            <code value="ResourceReference"/>
            <profile value="http://hl7.org/fhir/Profile/Encounter"/>
          </type>
          <mustSupport value="false"/>
          <isModifier value="false"/>
        </definition>
      </element>
      <element>
        <path value="Condition.asserter"/>
        <definition>
          <min value="0"/>
          <max value="1"/>
          <type>
            <code value="ResourceReference"/>
            <profile value="http://hl7.org/fhir/Profile/Practitioner"/>
          </type>
          <type>
            <code value="ResourceReference"/>
            <profile value="http://hl7.org/fhir/Profile/Patient"/>
          </type>
          <mustSupport value="false"/>
          <isModifier value="false"/>
        </definition>
      </element>
      <element>
        <path value="Condition.dateAsserted"/>
        <definition>
          <min value="0"/>
          <max value="1"/>
          <type>
            <code value="date"/>
          </type>
          <mustSupport value="false"/>
          <isModifier value="false"/>
        </definition>
      </element>
      <element>
        <path value="Condition.code"/>
        <definition>
          <min value="1"/>
          <max value="1"/>
          <type>
            <code value="CodeableConcept"/>
          </type>
          <mustSupport value="false"/>
          <isModifier value="false"/>
        </definition>
      </element>
      <element>
        <path value="Condition.category"/>
        <definition>
          <min value="0"/>
          <max value="1"/>
          <type>
            <code value="CodeableConcept"/>
          </type>
          <mustSupport value="false"/>
          <isModifier value="false"/>
        </definition>
      </element>
      <element>
        <path value="Condition.status"/>
        <definition>
          <min value="1"/>
          <max value="1"/>
          <type>
            <code value="code"/>
          </type>
          <mustSupport value="false"/>
          <isModifier value="true"/>
        </definition>
      </element>
      <element>
        <path value="Condition.certainty"/>
        <definition>
          <min value="0"/>
          <max value="1"/>
          <type>
            <code value="CodeableConcept"/>
          </type>
          <mustSupport value="false"/>
          <isModifier value="true"/>
        </definition>
      </element>
      <element>
        <path value="Condition.severity"/>
        <definition>
          <min value="0"/>
          <max value="1"/>
          <type>
            <code value="CodeableConcept"/>
          </type>
          <mustSupport value="false"/>
          <isModifier value="false"/>
        </definition>
      </element>
      <element>
        <path value="Condition.onset[x]"/>
        <definition>
          <min value="0"/>
          <max value="1"/>
          <type>
            <code value="date"/>
          </type>
          <type>
            <code value="Age"/>
          </type>
          <mustSupport value="false"/>
          <isModifier value="false"/>
        </definition>
      </element>
      <element>
        <path value="Condition.abatement[x]"/>
        <definition>
          <min value="0"/>
          <max value="1"/>
          <type>
            <code value="date"/>
          </type>
          <type>
            <code value="Age"/>
          </type>
          <type>
            <code value="boolean"/>
          </type>
          <mustSupport value="false"/>
          <isModifier value="false"/>
        </definition>
      </element>
      <element>
        <path value="Condition.stage"/>
        <definition>
          <min value="0"/>
          <max value="1"/>
          <mustSupport value="false"/>
          <isModifier value="false"/>
        </definition>
      </element>
      <element>
        <path value="Condition.stage.summary"/>
        <definition>
          <min value="0"/>
          <max value="1"/>
          <type>
            <code value="CodeableConcept"/>
          </type>
          <mustSupport value="false"/>
          <isModifier value="false"/>
        </definition>
      </element>
      <element>
        <path value="Condition.stage.assessment"/>
        <definition>
          <min value="0"/>
          <max value="*"/>
          <type>
            <code value="ResourceReference"/>
            <profile value="http://hl7.org/fhir/Profile/Any"/>
          </type>
          <mustSupport value="false"/>
          <isModifier value="false"/>
        </definition>
      </element>
      <element>
        <path value="Condition.evidence"/>
        <definition>
          <min value="0"/>
          <max value="*"/>
          <mustSupport value="false"/>
          <isModifier value="false"/>
        </definition>
      </element>
      <element>
        <path value="Condition.evidence.code"/>
        <definition>
          <min value="0"/>
          <max value="1"/>
          <type>
            <code value="CodeableConcept"/>
          </type>
          <mustSupport value="false"/>
          <isModifier value="false"/>
        </definition>
      </element>
      <element>
        <path value="Condition.evidence.detail"/>
        <definition>
          <min value="0"/>
          <max value="*"/>
          <type>
            <code value="ResourceReference"/>
            <profile value="http://hl7.org/fhir/Profile/Any"/>
          </type>
          <mustSupport value="false"/>
          <isModifier value="false"/>
        </definition>
      </element>
      <element>
        <path value="Condition.location"/>
        <definition>
          <min value="0"/>
          <max value="*"/>
          <mustSupport value="false"/>
          <isModifier value="false"/>
        </definition>
      </element>
      <element>
        <path value="Condition.location.code"/>
        <definition>
          <min value="0"/>
          <max value="1"/>
          <type>
            <code value="CodeableConcept"/>
          </type>
          <mustSupport value="false"/>
          <isModifier value="false"/>
        </definition>
      </element>
      <element>
        <path value="Condition.location.detail"/>
        <definition>
          <min value="0"/>
          <max value="1"/>
          <type>
            <code value="string"/>
          </type>
          <mustSupport value="false"/>
          <isModifier value="false"/>
        </definition>
      </element>
      <element>
        <path value="Condition.relatedItem"/>
        <definition>
          <min value="0"/>
          <max value="*"/>
          <mustSupport value="false"/>
          <isModifier value="false"/>
        </definition>
      </element>
      <element>
        <path value="Condition.relatedItem.type"/>
        <definition>
          <min value="1"/>
          <max value="1"/>
          <type>
            <code value="code"/>
          </type>
          <mustSupport value="false"/>
          <isModifier value="false"/>
        </definition>
      </element>
      <element>
        <path value="Condition.relatedItem.code"/>
        <definition>
          <min value="0"/>
          <max value="1"/>
          <type>
            <code value="CodeableConcept"/>
          </type>
          <mustSupport value="false"/>
          <isModifier value="false"/>
        </definition>
      </element>
      <element>
        <path value="Condition.relatedItem.target"/>
        <definition>
          <min value="0"/>
          <max value="1"/>
          <type>
            <code value="ResourceReference"/>
            <profile value="http://hl7.org/fhir/Profile/Condition"/>
          </type>
          <type>
            <code value="ResourceReference"/>
            <profile value="http://hl7.org/fhir/Profile/Procedure"/>
          </type>
          <type>
            <code value="ResourceReference"/>
            <profile value="http://hl7.org/fhir/Profile/MedicationAdministration"/>
          </type>
          <type>
            <code value="ResourceReference"/>
            <profile value="http://hl7.org/fhir/Profile/Immunization"/>
          </type>
          <type>
            <code value="ResourceReference"/>
            <profile value="http://hl7.org/fhir/Profile/MedicationStatement"/>
          </type>
          <mustSupport value="false"/>
          <isModifier value="false"/>
        </definition>
      </element>
      <element>
        <path value="Condition.notes"/>
        <definition>
          <min value="0"/>
          <max value="1"/>
          <type>
            <code value="string"/>
          </type>
          <mustSupport value="false"/>
          <isModifier value="false"/>
        </definition>
      </element>
    </differential>
  </structure>
</Profile>