<?xml version="1.0" encoding="UTF-8"?>

<Condition xmlns="http://hl7.org/fhir">
  <text>
    <status value="generated"/>
    <div xmlns="http://www.w3.org/1999/xhtml">
      <p>
        <b>Generated Narrative with Details</b>
      </p>
      <p>
        <b>subject</b>: 
        <a href="patient-example-f001-pieter.html">P. van de Heuvel. Generated Summary: 738472983 (usual), ?? (usual); Pieter van de Heuvel ; M; birthDate: 17-Nov 1944; 
          <span title="Codes: {http://hl7.org/fhir/v3/MaritalStatus M}">Getrouwd</span>; multipleBirth; 
          <span title="Codes: {urn:ietf:bcp:47 nl}">Nederlands</span>; active
        </a>
      </p>
      <p>
        <b>encounter</b>: 
        <a href="encounter-example-f003-abscess.html">Generated Summary: v6751 (official); finished; outpatient; 
          <span title="Codes: {http://snomed.info/sct 270427003}">Patient-initiated encounter</span>; 90 min; 
          <span title="Codes: {http://snomed.info/sct 18099001}">Retropharyngeal abscess</span>; 
          <span title="Codes: {http://snomed.info/sct 103391001}">Non-urgent ear, nose and throat admission</span>
        </a>
      </p>
      <p>
        <b>asserter</b>: 
        <a href="patient-example-f001-pieter.html">P. van de Heuvel. Generated Summary: 738472983 (usual), ?? (usual); Pieter van de Heuvel ; M; birthDate: 17-Nov 1944; 
          <span title="Codes: {http://hl7.org/fhir/v3/MaritalStatus M}">Getrouwd</span>; multipleBirth; 
          <span title="Codes: {urn:ietf:bcp:47 nl}">Nederlands</span>; active
        </a>
      </p>
      <p>
        <b>dateAsserted</b>: 20-Feb 2012
      </p>
      <p>
        <b>code</b>: Retropharyngeal abscess 
        <span style="background: LightGoldenRodYellow ">(Details : {SNOMED CT code &#39;18099001&#39; = &#39;Retropharyngeal abscess&#39;, given as &#39;Retropharyngeal abscess&#39;})</span>
      </p>
      <p>
        <b>category</b>: diagnosis 
        <span style="background: LightGoldenRodYellow ">(Details : {SNOMED CT code &#39;439401001&#39; = &#39;Diagnosis&#39;, given as &#39;diagnosis&#39;})</span>
      </p>
      <p>
        <b>status</b>: confirmed
      </p>
      <p>
        <b>severity</b>: Mild to moderate 
        <span style="background: LightGoldenRodYellow ">(Details : {SNOMED CT code &#39;371923003&#39; = &#39;Mild to moderate&#39;, given as &#39;Mild to moderate&#39;})</span>
      </p>
      <p>
        <b>onset</b>: 27-Feb 2012
      </p>
      <h3>Evidences</h3>
      <table class="grid">
        <tr>
          <td>
            <b>Code</b>
          </td>
          <td>
            <b>Detail</b>
          </td>
        </tr>
        <tr>
          <td>CT of neck 
            <span style="background: LightGoldenRodYellow ">(Details : {SNOMED CT code &#39;169068008&#39; = &#39;CT of neck&#39;, given as &#39;CT of neck&#39;})</span>
          </td>
          <td> </td>
        </tr>
      </table>
      <h3>Locations</h3>
      <table class="grid">
        <tr>
          <td>
            <b>Code</b>
          </td>
          <td>
            <b>Detail</b>
          </td>
        </tr>
        <tr>
          <td>Entire retropharyngeal area 
            <span style="background: LightGoldenRodYellow ">(Details : {SNOMED CT code &#39;280193007&#39; = &#39;Retropharyngeal space&#39;, given as &#39;Entire retropharyngeal area&#39;})</span>
          </td>
          <td> </td>
        </tr>
      </table>
    </div>
  </text>
  <subject>
    <reference value="Patient/f001"/>
    <display value="P. van de Heuvel"/>
  </subject>
  <encounter>
    <reference value="Encounter/f003"/>
  </encounter>
  <asserter>
    <reference value="Patient/f001"/>
    <display value="P. van de Heuvel"/>
  </asserter>
  <dateAsserted value="2012-02-20"/><!--   first suspected by physician visit   -->
  <code>
    <coding>
      <system value="http://snomed.info/sct"/>
      <code value="18099001"/>
      <display value="Retropharyngeal abscess"/>
    </coding>
  </code>
  <category>
    <coding>
      <system value="http://snomed.info/sct"/>
      <code value="439401001"/>
      <display value="diagnosis"/>
    </coding>
  </category>
  <status value="confirmed"/>
  <severity>
    <coding>
      <system value="http://snomed.info/sct"/>
      <code value="371923003"/>
      <display value="Mild to moderate"/>
    </coding>
  </severity>
  <onsetDate value="2012-02-27"/><!--   actual diagnose be E.N.T. specialist   -->
  <evidence>
    <code>
      <coding>
        <system value="http://snomed.info/sct"/>
        <code value="169068008"/>
        <display value="CT of neck"/>
      </coding>
    </code>
  </evidence>
  <location>
    <code>
      <coding>
        <system value="http://snomed.info/sct"/>
        <code value="280193007"/>
        <display value="Entire retropharyngeal area"/>
      </coding>
    </code>
  </location>
</Condition>