<?xml version="1.0" encoding="UTF-8"?>

<Condition xmlns="http://hl7.org/fhir">
  <text>
    <status value="generated"/>
    <div xmlns="http://www.w3.org/1999/xhtml">
      <p>
        <b>Generated Narrative with Details</b>
      </p>
      <p>
        <b>subject</b>: 
        <a href="patient-example-f001-pieter.html">P. van de Heuvel. Generated Summary: 738472983 (usual), ?? (usual); Pieter van de Heuvel ; M; birthDate: 17-Nov 1944; 
          <span title="Codes: {http://hl7.org/fhir/v3/MaritalStatus M}">Getrouwd</span>; multipleBirth; 
          <span title="Codes: {urn:ietf:bcp:47 nl}">Nederlands</span>; active
        </a>
      </p>
      <p>
        <b>encounter</b>: 
        <a href="encounter-example-f001-heart.html">Generated Summary: v1451 (official); finished; outpatient; 
          <span title="Codes: {http://snomed.info/sct 270427003}">Patient-initiated encounter</span>; 140 min; 
          <span title="Codes: {http://snomed.info/sct 34068001}">Heart valve replacement</span>; 
          <span title="Codes: {http://snomed.info/sct 310361003}">Non-urgent cardiological admission</span>
        </a>
      </p>
      <p>
        <b>asserter</b>: 
        <a href="patient-example-f001-pieter.html">P. van de Heuvel. Generated Summary: 738472983 (usual), ?? (usual); Pieter van de Heuvel ; M; birthDate: 17-Nov 1944; 
          <span title="Codes: {http://hl7.org/fhir/v3/MaritalStatus M}">Getrouwd</span>; multipleBirth; 
          <span title="Codes: {urn:ietf:bcp:47 nl}">Nederlands</span>; active
        </a>
      </p>
      <p>
        <b>dateAsserted</b>: 5-Oct 2011
      </p>
      <p>
        <b>code</b>: Heart valve disorder 
        <span style="background: LightGoldenRodYellow ">(Details : {SNOMED CT code &#39;368009&#39; = &#39;Heart valve disease&#39;, given as &#39;Heart valve disorder&#39;})</span>
      </p>
      <p>
        <b>category</b>: diagnosis 
        <span style="background: LightGoldenRodYellow ">(Details : {SNOMED CT code &#39;439401001&#39; = &#39;Diagnosis&#39;, given as &#39;diagnosis&#39;})</span>
      </p>
      <p>
        <b>status</b>: confirmed
      </p>
      <p>
        <b>severity</b>: Moderate 
        <span style="background: LightGoldenRodYellow ">(Details : {SNOMED CT code &#39;6736007&#39; = &#39;Moderate&#39;, given as &#39;Moderate&#39;})</span>
      </p>
      <p>
        <b>onset</b>: 5-Aug 2011
      </p>
      <h3>Evidences</h3>
      <table class="grid">
        <tr>
          <td>
            <b>Code</b>
          </td>
          <td>
            <b>Detail</b>
          </td>
        </tr>
        <tr>
          <td>Cardiac chest pain 
            <span style="background: LightGoldenRodYellow ">(Details : {SNOMED CT code &#39;426396005&#39; = &#39;Cardiac chest pain&#39;, given as &#39;Cardiac chest pain&#39;})</span>
          </td>
          <td> </td>
        </tr>
      </table>
      <h3>Locations</h3>
      <table class="grid">
        <tr>
          <td>
            <b>Code</b>
          </td>
          <td>
            <b>Detail</b>
          </td>
        </tr>
        <tr>
          <td>Left thorax 
            <span style="background: LightGoldenRodYellow ">(Details : {SNOMED CT code &#39;40768004&#39; = &#39;Left thorax&#39;, given as &#39;Left thorax&#39;})</span>
          </td>
          <td>heart structure</td>
        </tr>
      </table>
    </div>
  </text>
  <subject>
    <reference value="Patient/f001"/>
    <display value="P. van de Heuvel"/>
  </subject>
  <encounter>
    <reference value="Encounter/f001"/>
  </encounter>
  <asserter>
    <reference value="Patient/f001"/>
    <display value="P. van de Heuvel"/>
  </asserter>
  <dateAsserted value="2011-10-05"/>
  <code>
    <coding>
      <system value="http://snomed.info/sct"/>
      <code value="368009"/>
      <display value="Heart valve disorder"/>
    </coding>
  </code>
  <category>
    <coding>
      <system value="http://snomed.info/sct"/>
      <code value="439401001"/>
      <display value="diagnosis"/>
    </coding>
  </category>
  <status value="confirmed"/>
  <severity>
    <coding>
      <system value="http://snomed.info/sct"/>
      <code value="6736007"/>
      <display value="Moderate"/>
    </coding>
  </severity>
  <onsetDate value="2011-08-05"/>
  <evidence>
    <code>
      <coding>
        <system value="http://snomed.info/sct"/>
        <code value="426396005"/>
        <display value="Cardiac chest pain"/>
      </coding>
    </code>
  </evidence>
  <location>
    <code>
      <coding>
        <system value="http://snomed.info/sct"/>
        <code value="40768004"/>
        <display value="Left thorax"/>
      </coding>
    </code>
    <detail value="heart structure"/>
  </location>
</Condition>