<?xml version="1.0" encoding="UTF-8"?>

<Condition xmlns="http://hl7.org/fhir">
  <text>
    <status value="generated"/>
    <div xmlns="http://www.w3.org/1999/xhtml">
      <p>
        <b>Generated Narrative with Details</b>
      </p>
      <p>
        <b>subject</b>: 
        <a href="patient-example-f201-roel.html">Roel. Generated Summary: BSN = 123456789 (official), BSN = 123456789 (official); Roel(official); M; birthDate: 13-Mar 1960; 
          <span title="Codes: {http://snomed.info/sct 36629006}, {http://hl7.org/fhir/v3/MaritalStatus M}">Legally married</span>; 
          <span title="Codes: {urn:std:iso:639-1 nl-NL}">Dutch</span>; active
        </a>
      </p>
      <p>
        <b>asserter</b>: 
        <a href="practitioner-example-f201-ab.html">Generated Summary: UZI-nummer = 12345678901 (official); Dokter Bronsig(official); M; birthDate: 24-Dec 1956; 
          <span title="Codes: {http://snomed.info/sct 225304007}">Implementation of planned interventions</span>; 
          <span title="Codes: {http://snomed.info/sct 310512001}">Medical oncologist</span>
        </a>
      </p>
      <p>
        <b>dateAsserted</b>: 4-Apr 2013
      </p>
      <p>
        <b>code</b>: Bacterial infectious disease 
        <span style="background: LightGoldenRodYellow ">(Details : {SNOMED CT code &#39;87628006&#39; = &#39;Bacterial disease&#39;, given as &#39;Bacterial infectious disease&#39;})</span>
      </p>
      <p>
        <b>status</b>: working
      </p>
    </div>
  </text>
  <subject>
    <reference value="Patient/f201"/>
    <display value="Roel"/>
  </subject>
  <asserter>
    <reference value="Practitioner/f201"/>
  </asserter>
  <dateAsserted value="2013-04-04"/><!--  The problem was entered at April fourth  -->
  <code><!--  The problem is a bacterial infection   -->
    <coding>
      <system value="http://snomed.info/sct"/>
      <code value="87628006"/>
      <display value="Bacterial infectious disease"/>
    </coding>
  </code>
  <status value="working"/>
</Condition>