<?xml version="1.0" encoding="UTF-8"?>

<Profile xmlns="http://hl7.org/fhir">
  <text>
    <status value="generated"/><div xmlns="http://www.w3.org/1999/xhtml">to do</div>
  </text>
  <url value="http://hl7.org/fhir/Profile/dataelement-11179"/>
  <name value="ISO 11179 Data Element Profile"/>
  <publisher value="Health Level Seven"/>
  <telecom>
    <system value="url"/>
    <value value="http://hl7.org"/>
  </telecom>
  <description value="A profile showing how to use DataElement to express 11179 Data_Element and Concept_Elements.  At present, the profile is a partially-complete place-holder"/>
  <status value="draft"/>
  <date value="2014-04-21"/>
  <mapping>
    <identity value="v2"/>
    <uri value="http://hl7.org/v2"/>
    <name value="HL7 v2"/>
  </mapping>
  <mapping>
    <identity value="rim"/>
    <uri value="http://hl7.org/v3"/>
    <name value="RIM"/>
  </mapping>
  <mapping>
    <identity value="iso11179"/>
    <uri value="http://metadata-standards.org/11179/"/>
    <name value="ISO 11179"/>
  </mapping>
  <extensionDefn>
    <code value="objectClass"/>
    <display value="Object Class"/>
    <contextType value="resource"/>
    <context value="DataElement.mapping"/>
    <element>
      <path value="objectClass"/>
      <definition>
        <short value="Object Class"/>
        <formal value="A concept that represents a set of ideas, abstractions, or things in the real world that can be identified with explicit boundaries and meaning and whose properties and behavior follow the same rules. It may be either a single or a group of associated concepts, abstractions, or things."/>
        <comments value="ObjectClass and Property are treated as a data model that can be mapped to like any other.  This extension merely captures the ObjectClass element as a discrete code.  The information conveyed here should also be conveyed in human-readable form in the mapping.map element."/>
        <min value="0"/>
        <max value="1"/>
        <type>
          <code value="Coding"/>
        </type>
        <mustSupport value="false"/>
        <isModifier value="false"/>
        <binding>
          <name value="11179ObjectClass"/>
          <isExtensible value="false"/>
          <description value="A concept that represents a set of ideas, abstractions, or things in the real world that can be identified with explicit boundaries and meaning and whose properties and behavior follow the same rules.  E.g. Person, Prescription, Encounter, etc."/>
        </binding>
        <mapping>
          <identity value="v2"/>
          <map value="N/A"/>
        </mapping>
        <mapping>
          <identity value="rim"/>
          <map value="N/A"/>
        </mapping>
        <mapping>
          <identity value="iso11179"/>
          <map value="Data_Element.meaning.object_class"/>
        </mapping>
      </definition>
    </element>
  </extensionDefn>
  <extensionDefn>
    <code value="property"/>
    <display value="Object Class Property"/>
    <contextType value="resource"/>
    <context value="DataElement.mapping"/>
    <element>
      <path value="property"/>
      <definition>
        <short value="Object Class Property"/>
        <formal value="A quality common to all members of an object class. A property may be any feature that humans naturally use to distinguish one individual object from another. It is the human perception of a single quality of an object class in the real world.  It is conceptual and thus has no particular associated means of representation by which the property can be communicated."/>
        <comments value="ObjectClass and Property are treated as a data model that can be mapped to like any other.  This extension merely captures the Property element as a discrete code.  The information conveyed here should also be conveyed in human-readable form in the mapping.map element."/>
        <min value="0"/>
        <max value="1"/>
        <type>
          <code value="Coding"/>
        </type>
        <mustSupport value="false"/>
        <isModifier value="false"/>
        <binding>
          <name value="11179ObjectClassProperty"/>
          <isExtensible value="false"/>
          <description value="A quality common to all members of an object class. A property may be any feature that humans naturally use to distinguish one individual object from another. It is the human perception of a single quality of an object class in the real world.  E.g. name, identifier, gender, creationDate"/>
        </binding>
        <mapping>
          <identity value="v2"/>
          <map value="N/A"/>
        </mapping>
        <mapping>
          <identity value="rim"/>
          <map value="N/A"/>
        </mapping>
        <mapping>
          <identity value="iso11179"/>
          <map value="Data_Element.meaning.property"/>
        </mapping>
      </definition>
    </element>
  </extensionDefn>
</Profile>