<?xml version="1.0" encoding="UTF-8"?>

<DiagnosticReport xmlns="http://hl7.org/fhir">
  <text>
    <status value="generated"/>
    <div xmlns="http://www.w3.org/1999/xhtml">
      <p>
        <b>Generated Narrative with Details</b>
      </p>
      <p>
        <b>name</b>: Complete blood count (hemogram) panel - Blood by Automated count 
        <span style="background: LightGoldenRodYellow ">(Details : {LOINC code &#39;58410-2&#39; = &#39;Complete blood count (hemogram) panel - Blood by Automated count&#39;, given as &#39;Complete blood count (hemogram) panel - Blood by Automated count&#39;})</span>
      </p>
      <p>
        <b>status</b>: final_
      </p>
      <p>
        <b>issued</b>: 15-May 2013 19:32
      </p>
      <p>
        <b>subject</b>: 
        <a href="patient-example-f001-pieter.html">P. van den Heuvel. Generated Summary: 738472983 (usual), ?? (usual); Pieter van de Heuvel ; M; birthDate: 17-Nov 1944; 
          <span title="Codes: {http://hl7.org/fhir/v3/MaritalStatus M}">Getrouwd</span>; multipleBirth; 
          <span title="Codes: {urn:ietf:bcp:47 nl}">Nederlands</span>; active
        </a>
      </p>
      <p>
        <b>performer</b>: 
        <a href="organization-example-f001-burgers.html">Burgers University Medical Centre. Generated Summary: 91654 (official), 17-0112278 (usual); name: Burgers University Medical Center; 
          <span title="Codes: {urn:oid:2.16.840.1.113883.2.4.15.1060 V6}, {http://hl7.org/fhir/organization-type prov}">University Medical Hospital</span>
        </a>
      </p>
      <p>
        <b>identifier</b>: nr1239044 (official)
      </p>
      <p>
        <b>requestDetail</b>: P. van den Heuvel; L2381 (official); clinicalNotes: patient almost fainted during procedure
      </p>
      <p>
        <b>serviceCategory</b>: Haematology test 
        <span style="background: LightGoldenRodYellow ">(Details : {SNOMED CT code &#39;252275004&#39; = &#39;Hematology test&#39;, given as &#39;Haematology test&#39;}; {http://hl7.org/fhir/v2/0074 code &#39;HM&#39; = &#39;Hematology&#39;, given as &#39;null&#39;})</span>
      </p>
      <p>
        <b>diagnostic</b>: 2-Apr 2013
      </p>
      <p>
        <b>result</b>: 
      </p>
      <ul>
        <li>
          <a href="observation-example-f001-glucose.html">Generated Summary: 
            <span title="Codes: {http://loinc.org 15074-8}">Glucose [Moles/volume] in Blood</span>; 6.3 mmol/l; 
            <span title="Codes: {http://hl7.org/fhir/v2/0078 A}">abnormal</span>; applies: 2-Apr 2013 9:30 --&gt; 5-Apr 2013 9:30; issued: 3-Apr 2013 15:30; 
            <span title="Codes: {http://snomed.info/sct 308046002}">Superficial forearm vein</span>; 
            <span title="Codes: {http://snomed.info/sct 120220003}">Injection to forearm</span>; 6323 (official); P. van de Heuvel; A. Langeveld
          </a>
        </li>
        <li>
          <a href="observation-example-f002-excess.html">Generated Summary: 
            <span title="Codes: {http://loinc.org 11555-0}">Base excess in Blood by calculation</span>; 12.6 mmol/l; 
            <span title="Codes: {http://hl7.org/fhir/v2/0078 A}">abnormal</span>; applies: 2-Apr 2013 10:30 --&gt; 5-Apr 2013 10:30; issued: 3-Apr 2013 15:30; 
            <span title="Codes: {http://snomed.info/sct 308046002}">Superficial forearm vein</span>; 
            <span title="Codes: {http://snomed.info/sct 120220003}">Injection to forearm</span>; 6324 (official); P. van de Heuvel; A. Langeveld
          </a>
        </li>
        <li>
          <a href="observation-example-f003-co2.html">Generated Summary: 
            <span title="Codes: {http://loinc.org 11557-6}">Carbon dioxide in blood</span>; 6.2 kPa; 
            <span title="Codes: {http://hl7.org/fhir/v2/0078 A}">abnormal</span>; applies: 2-Apr 2013 10:30 --&gt; 5-Apr 2013 10:30; issued: 3-Apr 2013 15:30; 
            <span title="Codes: {http://snomed.info/id 308046002}">Superficial forearm vein</span>; 
            <span title="Codes: {http://snomed.info/id 120220003}">Injection to forearm</span>; 6325 (official); P. van de Heuvel; A. Langeveld
          </a>
        </li>
        <li>
          <a href="observation-example-f004-erythrocyte.html">Generated Summary: 
            <span title="Codes: {http://loinc.org 789-8}">Erythrocytes [#/volume] in Blood by Automated count</span>; 4.12 10^12/L; 
            <span title="Codes: {http://hl7.org/fhir/v2/0078 A}">abnormal</span>; applies: 2-Apr 2013 10:30 --&gt; 5-Apr 2013 10:30; issued: 3-Apr 2013 15:30; 
            <span title="Codes: {http://snomed.info/id 308046002}">Superficial forearm vein</span>; 
            <span title="Codes: {http://snomed.info/id 120220003}">Injection to forearm</span>; 6326 (official); P. van de Heuvel; A. Langeveld
          </a>
        </li>
        <li>
          <a href="observation-example-f005-hemoglobin.html">Generated Summary: 
            <span title="Codes: {http://loinc.org 30350-3}">Hemoglobin [Mass/volume] in Venous blood</span>; 7.2 g/dl; 
            <span title="Codes: {http://hl7.org/fhir/v2/0078 L}">low</span>; applies: 2-Apr 2013 10:30 --&gt; 5-Apr 2013 10:30; issued: 3-Apr 2013 15:30; 
            <span title="Codes: {http://snomed.info/sct 308046002}">Superficial forearm vein</span>; 
            <span title="Codes: {http://snomed.info/sct 120220003}">Injection to forearm</span>; 6327 (official); P. van de Heuvel; A. Langeveld
          </a>
        </li>
      </ul>
      <p>
        <b>conclusion</b>: Core lab
      </p>
    </div>
  </text>
  <contained>
    <DiagnosticOrder id="req">
      <subject>
        <reference value="Patient/f001"/>
        <display value="P. van den Heuvel"/>
      </subject>
      <orderer>
        <reference value="Practitioner/f001"/>
        <display value="E.van den Broek"/>
      </orderer>
      <identifier>
        <use value="official"/>
        <system value="http://www.bmc.nl/zorgportal/identifiers/labresults"/>
        <value value="L2381"/>
      </identifier>
      <encounter>
        <reference value="Encounter/f001"/>
      </encounter><!--  TODO Correcte verwijzing  -->
      <clinicalNotes value="patient almost fainted during procedure"/>
      <item>
        <code>
          <coding>
            <system value="http://loinc.org"/><!--    LOINC    -->
            <code value="58410-2"/>
            <display value="Complete blood count (hemogram) panel - Blood by Automated count"/>
          </coding>
        </code>
        <bodySite>
          <coding>
            <system value="http://snomed.info/sct"/>
            <code value="14975008"/>
            <display value="Forearm structure"/>
          </coding>
        </bodySite>
      </item>
    </DiagnosticOrder>
  </contained>
  <name>
    <coding>
      <system value="http://loinc.org"/>
      <code value="58410-2"/>
      <display value="Complete blood count (hemogram) panel - Blood by Automated count"/>
    </coding>
  </name>
  <status value="final"/><!--   OID: 2.16.840.1.113883.4.642.1.7   -->
  <issued value="2013-05-15T19:32:52+01:00"/><!--   ISO 8601   -->
  <subject><!--   Linked to a RESOURCE Patient   --><!--   OID: 2.16.840.1.113883.4.642.1.4   -->
    <reference value="Patient/f001"/>
    <display value="P. van den Heuvel"/>
  </subject>
  <performer>
    <reference value="Organization/f001"/>
    <display value="Burgers University Medical Centre"/>
  </performer>
  <identifier>
    <use value="official"/>
    <system value="http://www.bmc.nl/zorgportal/identifiers/reports"/>
    <value value="nr1239044"/>
  </identifier>
  <requestDetail>
    <reference value="#req"/>
  </requestDetail>
  <serviceCategory>
    <coding>
      <system value="http://snomed.info/sct"/>
      <code value="252275004"/>
      <display value="Haematology test"/>
    </coding>
    <coding>
      <system value="http://hl7.org/fhir/v2/0074"/>
      <code value="HM"/>
    </coding>
  </serviceCategory>
  <diagnosticDateTime value="2013-04-02"/>
  <result>
    <reference value="Observation/f001"/>
  </result>
  <result>
    <reference value="Observation/f002"/>
  </result>
  <result>
    <reference value="Observation/f003"/>
  </result>
  <result>
    <reference value="Observation/f004"/>
  </result>
  <result>
    <reference value="Observation/f005"/>
  </result>
  <conclusion value="Core lab"/>
</DiagnosticReport>