<?xml version="1.0" encoding="UTF-8"?>

<DiagnosticReport xmlns="http://hl7.org/fhir">
  <text>
    <status value="generated"/>
    <div xmlns="http://www.w3.org/1999/xhtml">
      <p>
        <b>Generated Narrative with Details</b>
      </p>
      <p>
        <b>name</b>: Blood culture for bacteria, including anaerobic screen 
        <span style="background: LightGoldenRodYellow ">(Details : {SNOMED CT code &#39;104177005&#39; = &#39;Blood culture for bacteria, including anaerobic screen&#39;, given as &#39;Blood culture for bacteria, including anaerobic screen&#39;})</span>
      </p>
      <p>
        <b>status</b>: final_
      </p>
      <p>
        <b>issued</b>: 11-Mar 2013 10:28
      </p>
      <p>
        <b>subject</b>: 
        <a href="patient-example-f201-roel.html">Roel. Generated Summary: BSN = 123456789 (official), BSN = 123456789 (official); Roel(official); M; birthDate: 13-Mar 1960; 
          <span title="Codes: {http://snomed.info/sct 36629006}, {http://hl7.org/fhir/v3/MaritalStatus M}">Legally married</span>; 
          <span title="Codes: {urn:std:iso:639-1 nl-NL}">Dutch</span>; active
        </a>
      </p>
      <p>
        <b>performer</b>: 
        <a href="organization-example-f201-aumc.html">AUMC. Generated Summary: Zorginstelling naam = Artis University Medical Center (official); name: Artis University Medical Center (AUMC); 
          <span title="Codes: {http://snomed.info/sct 405608006}, {urn:oid:2.16.840.1.113883.2.4.15.1060 V6}, {http://hl7.org/fhir/organization-type prov}">Academic Medical Center</span>; active
        </a>
      </p>
      <p>
        <b>requestDetail</b>: Roel
      </p>
      <p>
        <b>serviceCategory</b>: Laboratory test 
        <span style="background: LightGoldenRodYellow ">(Details : {SNOMED CT code &#39;15220000&#39; = &#39;Laboratory test&#39;, given as &#39;Laboratory test&#39;}; {http://hl7.org/fhir/v2/0074 code &#39;LAB&#39; = &#39;Laboratory&#39;, given as &#39;null&#39;})</span>
      </p>
      <p>
        <b>diagnostic</b>: 11-Mar 2013 3:45
      </p>
      <p>
        <b>result</b>: 
        <a href="observation-example-f206-staphylococcus.html">Results for staphylococcus analysis on Roel&#39;s blood culture. Generated Summary: 
          <span title="Codes: {http://snomed.info/sct 104177005}">Blood culture for bacteria, including anaerobic screen</span>; 
          <span title="Codes: {http://snomed.info/sct 3092008}">Staphylococcus aureus</span>; 
          <span title="Codes: {http://hl7.org/fhir/v2/0078 POS}">Positive</span>; issued: 11-Mar 2013 10:28; 
          <span title="Codes: {http://snomed.info/sct 104177005}">Blood culture for bacteria, including anaerobic screen</span>; Roel; Luigi Maas
        </a>
      </p>
      <p>
        <b>conclusion</b>: Blood culture tested positive on staphylococcus aureus
      </p>
      <p>
        <b>codedDiagnosis</b>: Bacteremia due to staphylococcus 
        <span style="background: LightGoldenRodYellow ">(Details : {SNOMED CT code &#39;428763004&#39; = &#39;Staphylococcus aureus bacteremia&#39;, given as &#39;Bacteremia due to staphylococcus&#39;})</span>
      </p>
    </div>
  </text>
  <contained>
    <DiagnosticOrder id="req">
      <subject><!--  It entails Roel's diagnostic report  -->
        <reference value="Patient/f201"/>
        <display value="Roel"/>
      </subject>
      <orderer>
        <reference value="Practitioner/f201"/>
        <display value="Dokter Bronsig"/>
      </orderer>
      <encounter>
        <reference value="Encounter/f203"/>
        <display value="Roel&#39;s encounter on March eleventh 2013"/>
      </encounter>
    </DiagnosticOrder>
  </contained>
  <name>
    <coding>
      <system value="http://snomed.info/sct"/>
      <code value="104177005"/>
      <display value="Blood culture for bacteria, including anaerobic screen"/>
    </coding>
  </name>
  <status value="final"/>
  <issued value="2013-03-11T10:28:00+01:00"/>
  <subject><!--  It entails Roel's diagnostic report  -->
    <reference value="Patient/f201"/>
    <display value="Roel"/>
  </subject>
  <performer><!--  The diagnostic report was issued by AUMC  -->
    <reference value="Organization/f201"/>
    <display value="AUMC"/>
  </performer><!--  No identifier was available  -->
  <requestDetail>
    <reference value="#req"/>
  </requestDetail>
  <serviceCategory><!--  Lab test  -->
    <coding>
      <system value="http://snomed.info/sct"/>
      <code value="15220000"/>
      <display value="Laboratory test"/>
    </coding>
    <coding>
      <system value="http://hl7.org/fhir/v2/0074"/>
      <code value="LAB"/>
    </coding>
  </serviceCategory>
  <diagnosticDateTime value="2013-03-11T03:45:00+01:00"/>
  <result>
    <reference value="Observation/f206"/>
    <display value="Results for staphylococcus analysis on Roel&#39;s blood culture"/>
  </result>
  <conclusion value="Blood culture tested positive on staphylococcus aureus"/>
  <codedDiagnosis>
    <coding>
      <system value="http://snomed.info/sct"/>
      <code value="428763004"/>
      <display value="Bacteremia due to staphylococcus"/>
    </coding>
  </codedDiagnosis>
</DiagnosticReport>