<?xml version="1.0" encoding="UTF-8"?>

<Profile xmlns="http://hl7.org/fhir">
  <text>
    <status value="generated"/><div xmlns="http://www.w3.org/1999/xhtml"><h2>Data type Distance</h2><p>A measure of distance</p><h3>Rule</h3><p>There SHALL be a code if there is a value and it SHALL be an expression of length.  If system is present, it SHALL be UCUM.</p><p>XPath:</p><blockquote><pre>(f:code or not(f:value)) and (not(exists(f:system)) or f:system/@value=&#39;http://unitsofmeasure.org&#39;)</pre></blockquote></div>
  </text>
  <url value="http://hl7.org/fhir/Profile/Distance"/>
  <name value="Distance"/>
  <publisher value="HL7 FHIR Standard"/>
  <telecom>
    <system value="url"/>
    <value value="http://hl7.org/fhir"/>
  </telecom>
  <description value="A measure of distance"/>
  <status value="draft"/>
  <date value="2014-08-20T10:33:47.834+10:00"/>
  <structure>
    <type value="Quantity"/>
    <base value="http://hl7.org/fhir/Profile/Quantity"/>
    <name value="Distance"/>
    <publish value="true"/>
    <purpose value="This is the invariants for the Distance data type profile"/>
    <snapshot>
      <element>
        <path value="Quantity"/>
        <name value="Distance"/>
        <definition>
          <short value="A measure of distance"/>
          <formal value="There SHALL be a code if there is a value and it SHALL be an expression of length.  If system is present, it SHALL be UCUM."/>
          <comments value="The context of use may frequently define what kind of quantity this is and therefore what kind of units can be used. The context of use may also restrict the values for the comparator."/>
          <min value="1"/>
          <max value="1"/>
          <type>
            <code value="Type"/>
          </type>
          <constraint>
            <key value="3"/>
            <name value="SHALL have a system"/>
            <severity value="error"/>
            <human value="If a code for the units is present, the system SHALL also be present"/>
            <xpath value="not(exists(f:code)) or exists(f:system)"/>
          </constraint>
          <constraint>
            <key value="1"/>
            <severity value="error"/>
            <human value="There SHALL be a code if there is a value and it SHALL be an expression of length.  If system is present, it SHALL be UCUM."/>
            <xpath value="(f:code or not(f:value)) and (not(exists(f:system)) or f:system/@value=&#39;http://unitsofmeasure.org&#39;)"/>
          </constraint>
          <mustSupport value="false"/>
          <isModifier value="false"/>
          <mapping>
            <identity value="v2"/>
            <map value="SN (see also Range) or CQ"/>
          </mapping>
          <mapping>
            <identity value="rim"/>
            <map value="PQ, IVL&lt;PQ&gt;, MO, CO, depending on the values"/>
          </mapping>
        </definition>
      </element>
      <element>
        <path value="Quantity.extension"/>
        <definition>
          <short value="Additional Content defined by implementations"/>
          <formal value="May be used to represent additional information that is not part of the basic definition of the resource. In order to make the use of extensions safe and manageable, there is a strict set of governance  applied to the definition and use of extensions. Though any implementer is allowed to define an extension, there is a set of requirements that SHALL be met as part of the definition of the extension."/>
          <comments value="There can be no stigma associated with the use of extensions by any application, project, or standard - regardless of the institution or jurisdiction that uses or defines the extensions.  The use of extensions is what allows the FHIR specification to retain a core level of simplicity for everyone."/>
          <synonym value="extensions"/>
          <synonym value="user content"/>
          <min value="0"/>
          <max value="*"/>
          <type>
            <code value="Extension"/>
          </type>
        </definition>
      </element>
      <element>
        <path value="Quantity.value"/>
        <definition>
          <short value="Numerical value (with implicit precision)"/>
          <formal value="The value of the measured amount. The value includes an implicit precision in the presentation of the value."/>
          <comments value="The implicit precision in the value should always be honored. Monetary values have their own rules for handling precision (refer to standard accounting text books)."/>
          <min value="0"/>
          <max value="1"/>
          <type>
            <code value="decimal"/>
          </type>
          <mustSupport value="false"/>
          <isModifier value="false"/>
          <mapping>
            <identity value="v2"/>
            <map value="SN.2  / CQ - N/A"/>
          </mapping>
          <mapping>
            <identity value="rim"/>
            <map value="PQ.value, CO.value, MO.value, IVL.high or IVL.low depending on the value"/>
          </mapping>
        </definition>
      </element>
      <element>
        <path value="Quantity.comparator"/>
        <definition>
          <short value="&lt; | &lt;= | &gt;= | &gt; - how to understand the value"/>
          <formal value="How the value should be understood and represented - whether the actual value is greater or less than the stated value due to measurement issues. E.g. if the comparator is &quot;&lt;&quot; , then the real value is &lt; stated value."/>
          <comments value="This is labeled as &quot;Is Modifier&quot; because the comparator modifies the interpretation of the value significantly. If there is no comparator, then there is no modification of the value."/>
          <min value="0"/>
          <max value="1"/>
          <type>
            <code value="code"/>
          </type>
          <mustSupport value="false"/>
          <isModifier value="true"/>
          <binding>
            <name value="QuantityCompararator"/>
            <isExtensible value="false"/>
            <description value="How the Quantity should be understood and represented"/>
            <referenceResource>
              <reference value="http://hl7.org/fhir/vs/quantity-comparator"/>
            </referenceResource>
          </binding>
          <mapping>
            <identity value="v2"/>
            <map value="SN.1  / CQ.1"/>
          </mapping>
          <mapping>
            <identity value="rim"/>
            <map value="IVL properties"/>
          </mapping>
        </definition>
      </element>
      <element>
        <path value="Quantity.units"/>
        <definition>
          <short value="Unit representation"/>
          <formal value="A human-readable form of the units."/>
          <min value="0"/>
          <max value="1"/>
          <type>
            <code value="string"/>
          </type>
          <mustSupport value="false"/>
          <isModifier value="false"/>
          <mapping>
            <identity value="v2"/>
            <map value="(see OBX.6 etc) / CQ.2"/>
          </mapping>
          <mapping>
            <identity value="rim"/>
            <map value="PQ.unit"/>
          </mapping>
        </definition>
      </element>
      <element>
        <path value="Quantity.system"/>
        <definition>
          <short value="System that defines coded unit form"/>
          <formal value="The identification of the system that provides the coded form of the unit."/>
          <min value="0"/>
          <max value="1"/>
          <type>
            <code value="uri"/>
          </type>
          <mustSupport value="false"/>
          <isModifier value="false"/>
          <mapping>
            <identity value="v2"/>
            <map value="(see OBX.6 etc) / CQ.2"/>
          </mapping>
          <mapping>
            <identity value="rim"/>
            <map value="CO.codeSystem, PQ.translation.codeSystem"/>
          </mapping>
        </definition>
      </element>
      <element>
        <path value="Quantity.code"/>
        <definition>
          <short value="Coded form of the unit"/>
          <formal value="A computer processable form of the units in some unit representation system."/>
          <comments value="The preferred system is UCUM, but SNOMED CT can also be used (for customary units) or ISO 4217 for currency.

The context of use may additionally require a code from a particular system (Unless the Quantity element has a dataAbsentReason flag)."/>
          <min value="0"/>
          <max value="1"/>
          <type>
            <code value="code"/>
          </type>
          <mustSupport value="false"/>
          <isModifier value="false"/>
          <mapping>
            <identity value="v2"/>
            <map value="(see OBX.6 etc) / CQ.2"/>
          </mapping>
          <mapping>
            <identity value="rim"/>
            <map value="PQ.code, MO.currency, PQ.translation.code"/>
          </mapping>
        </definition>
      </element>
    </snapshot>
    <differential>
      <element>
        <path value="Quantity"/>
        <name value="Distance"/>
        <definition>
          <short value="A measure of distance"/>
          <formal value="There SHALL be a code if there is a value and it SHALL be an expression of length.  If system is present, it SHALL be UCUM."/>
          <min value="1"/>
          <max value="1"/>
          <constraint>
            <key value="1"/>
            <severity value="error"/>
            <human value="There SHALL be a code if there is a value and it SHALL be an expression of length.  If system is present, it SHALL be UCUM."/>
            <xpath value="(f:code or not(f:value)) and (not(exists(f:system)) or f:system/@value=&#39;http://unitsofmeasure.org&#39;)"/>
          </constraint>
        </definition>
      </element>
    </differential>
  </structure>
</Profile>