<?xml version="1.0" encoding="UTF-8"?>

<Encounter xmlns="http://hl7.org/fhir">
  <text>
    <status value="generated"/>
    <div xmlns="http://www.w3.org/1999/xhtml">
      <p>
        <b>Generated Narrative with Details</b>
      </p>
      <p>
        <b>identifier</b>: Roel&#39;s encounter on April fourth 2013 = Encounter_Roel_20130404 (temp)
      </p>
      <p>
        <b>status</b>: finished
      </p>
      <p>
        <b>class</b>: outpatient
      </p>
      <p>
        <b>type</b>: Consultation 
        <span style="background: LightGoldenRodYellow ">(Details : {SNOMED CT code &#39;11429006&#39; = &#39;Consultation&#39;, given as &#39;Consultation&#39;})</span>
      </p>
      <p>
        <b>subject</b>: 
        <a href="patient-example-f201-roel.html">Roel. Generated Summary: BSN = 123456789 (official), BSN = 123456789 (official); Roel(official); M; birthDate: 13-Mar 1960; 
          <span title="Codes: {http://snomed.info/sct 36629006}, {http://hl7.org/fhir/v3/MaritalStatus M}">Legally married</span>; 
          <span title="Codes: {urn:std:iso:639-1 nl-NL}">Dutch</span>; active
        </a>
      </p>
      <h3>Participants</h3>
      <table class="grid">
        <tr>
          <td>
            <b>Type</b>
          </td>
          <td>
            <b>Individual</b>
          </td>
        </tr>
        <tr>
          <td> </td>
          <td>
            <a href="practitioner-example-f201-ab.html">Generated Summary: UZI-nummer = 12345678901 (official); Dokter Bronsig(official); M; birthDate: 24-Dec 1956; 
              <span title="Codes: {http://snomed.info/sct 225304007}">Implementation of planned interventions</span>; 
              <span title="Codes: {http://snomed.info/sct 310512001}">Medical oncologist</span>
            </a>
          </td>
        </tr>
      </table>
      <p>
        <b>reason</b>: The patient had fever peaks over the last couple of days. He is worried about these peaks. 
        <span style="background: LightGoldenRodYellow ">(Details )</span>
      </p>
      <p>
        <b>priority</b>: Normal 
        <span style="background: LightGoldenRodYellow ">(Details : {SNOMED CT code &#39;17621005&#39; = &#39;Normal&#39;, given as &#39;Normal&#39;})</span>
      </p>
      <p>
        <b>serviceProvider</b>: 
        <a href="organization-example-f201-aumc.html">Generated Summary: Zorginstelling naam = Artis University Medical Center (official); name: Artis University Medical Center (AUMC); 
          <span title="Codes: {http://snomed.info/sct 405608006}, {urn:oid:2.16.840.1.113883.2.4.15.1060 V6}, {http://hl7.org/fhir/organization-type prov}">Academic Medical Center</span>; active
        </a>
      </p>
    </div>
  </text>
  <identifier>
    <use value="temp"/><!--   0..1 The use of this identifier   -->
    <label value="Roel&#39;s encounter on April fourth 2013"/>
    <value value="Encounter_Roel_20130404"/>
  </identifier>
  <status value="finished"/><!--  Encounter has finished  -->
  <class value="outpatient"/><!--  Outpatient encounter for consultation  -->
  <type><!--  TODO Why is this merely a CodeableConcept and not Resource (any)?  -->
    <coding>
      <system value="http://snomed.info/sct"/>
      <code value="11429006"/>
      <display value="Consultation"/>
    </coding>
  </type>
  <subject>
    <reference value="Patient/f201"/>
    <display value="Roel"/>
  </subject>
  <participant>
    <individual>
      <reference value="Practitioner/f201"/>
    </individual>
  </participant>
  <reason>
    <text value="The patient had fever peaks over the last couple of days. He is worried about these peaks."/>
  </reason><!--  No indication, because no referral took place  -->
  <priority><!--  Normal priority  -->
    <coding>
      <system value="http://snomed.info/sct"/>
      <code value="17621005"/>
      <display value="Normal"/>
    </coding>
  </priority><!--  No hospitalization was deemed necessary  -->
  <serviceProvider>
    <reference value="Organization/f201"/>
  </serviceProvider>
</Encounter>