<?xml version="1.0" encoding="UTF-8"?>

<FamilyHistory xmlns="http://hl7.org/fhir">
  <text>
    <status value="generated"/>
    <div xmlns="http://www.w3.org/1999/xhtml">
      <p>
        <b>Generated Narrative with Details</b>
      </p>
      <p>
        <b>subject</b>: 
        <a href="patient-example-f201-roel.html">Roel. Generated Summary: BSN = 123456789 (official), BSN = 123456789 (official); Roel(official); M; birthDate: 13-Mar 1960; 
          <span title="Codes: {http://snomed.info/sct 36629006}, {http://hl7.org/fhir/v3/MaritalStatus M}">Legally married</span>; 
          <span title="Codes: {urn:std:iso:639-1 nl-NL}">Dutch</span>; active
        </a>
      </p>
      <p>
        <b>note</b>: Both parents, both brothers and both children (twin) are still alive.
      </p>
      <blockquote>
        <p>
          <b>relation</b>
        </p>
        <p>
          <b>relationship</b>: Mother 
          <span style="background: LightGoldenRodYellow ">(Details : {SNOMED CT code &#39;72705000&#39; = &#39;Mother&#39;, given as &#39;Mother&#39;})</span>
        </p>
        <p>
          <b>deceased</b>: false
        </p>
        <h3>Conditions</h3>
        <table class="grid">
          <tr>
            <td>
              <b>Type</b>
            </td>
            <td>
              <b>Outcome</b>
            </td>
            <td>
              <b>Onset[x]</b>
            </td>
            <td>
              <b>Note</b>
            </td>
          </tr>
          <tr>
            <td>Diaphragmatic hernia 
              <span style="background: LightGoldenRodYellow ">(Details : {SNOMED CT code &#39;39839004&#39; = &#39;Diaphragmatic hernia&#39;, given as &#39;Diaphragmatic hernia&#39;})</span>
            </td>
            <td> </td>
            <td> </td>
            <td> </td>
          </tr>
        </table>
      </blockquote>
      <blockquote>
        <p>
          <b>relation</b>
        </p>
        <p>
          <b>relationship</b>: Uncle 
          <span style="background: LightGoldenRodYellow ">(Details : {SNOMED CT code &#39;38048003&#39; = &#39;Uncle&#39;, given as &#39;Uncle&#39;})</span>
        </p>
        <p>
          <b>deceased</b>: true
        </p>
        <h3>Conditions</h3>
        <table class="grid">
          <tr>
            <td>
              <b>Type</b>
            </td>
            <td>
              <b>Outcome</b>
            </td>
            <td>
              <b>Onset[x]</b>
            </td>
            <td>
              <b>Note</b>
            </td>
          </tr>
          <tr>
            <td>Atopy 
              <span style="background: LightGoldenRodYellow ">(Details : {SNOMED CT code &#39;115665000&#39; = &#39;Atopy&#39;, given as &#39;Atopy&#39;})</span>
            </td>
            <td>Died 
              <span style="background: LightGoldenRodYellow ">(Details : {SNOMED CT code &#39;419099009&#39; = &#39;Dead&#39;, given as &#39;Died&#39;})</span>
            </td>
            <td> </td>
            <td> </td>
          </tr>
        </table>
      </blockquote>
    </div>
  </text>
  <subject>
    <reference value="Patient/f201"/>
    <display value="Roel"/>
  </subject>
  <note value="Both parents, both brothers and both children (twin) are still alive."/><!--  Other relatives  -->
  <relation><!--  ROB's Mother has a hernia  -->
    <relationship>
      <coding>
        <system value="http://snomed.info/sct"/>
        <code value="72705000"/>
        <display value="Mother"/>
      </coding>
    </relationship>
    <deceasedBoolean value="false"/>
    <condition>
      <type>
        <coding>
          <system value="http://snomed.info/sct"/>
          <code value="39839004"/>
          <display value="Diaphragmatic hernia"/>
        </coding>
      </type>
    </condition>
  </relation>
  <relation><!--  ROB's uncle from mother's side died from cancer  -->
    <relationship>
      <coding>
        <system value="http://snomed.info/sct"/>
        <code value="38048003"/>
        <display value="Uncle"/>
      </coding>
    </relationship>
    <deceasedBoolean value="true"/>
    <condition>
      <type>
        <coding>
          <system value="http://snomed.info/sct"/>
          <code value="115665000"/>
          <display value="Atopy"/>
        </coding>
      </type>
      <outcome>
        <coding>
          <system value="http://snomed.info/sct"/>
          <code value="419099009"/>
          <display value="Died"/>
        </coding>
      </outcome>
    </condition>
  </relation>
</FamilyHistory>