<?xml version="1.0" encoding="UTF-8"?>

<feed xmlns="http://www.w3.org/2005/Atom">
  <title>Blood Pressure Example</title>
  <id>urn:uuid:988fc332-b3a2-4c25-af3b-91b0171ec652</id>
  <link href="http://www.hl7.org/fhir/observation-example-bloodpressure.xml" rel="self"/>
  <updated>2014-01-30T22:35:23+11:00</updated>
  <entry>
    <title>Blood Pressure Observation</title>
    <id>http://acme.org/ehr/observations/34252345234</id>
    <updated>2014-01-30T22:35:23+11:00</updated>
    <author>
      <name>FHIR Project Team</name>
    </author>
    <content type="text/xml">
      <Observation xmlns="http://hl7.org/fhir">
        <text>
          <status value="generated"/>
          <div xmlns="http://www.w3.org/1999/xhtml">Sept 17, 2012: Systolic Blood pressure 107/60 mmHg (low)
            <hr/>
            <p>
              <b>Generated Narrative with Details</b>
            </p>
            <p>
              <b>name</b>: Blood pressure systolic &amp; diastolic 
              <span style="background: LightGoldenRodYellow ">(Details : {LOINC code &#39;55284-4&#39; = &#39;Blood pressure systolic and diastolic&#39;, given as &#39;Blood pressure systolic &amp; diastolic&#39;})</span>
            </p>
            <p>
              <b>interpretation</b>: low 
              <span style="background: LightGoldenRodYellow ">(Details : {http://hl7.org/fhir/v2/0078 code &#39;L&#39; = &#39;Below low normal&#39;, given as &#39;Below low normal&#39;})</span>
            </p>
            <p>
              <b>applies</b>: 17-Sep 2012
            </p>
            <p>
              <b>status</b>: final_
            </p>
            <p>
              <b>reliability</b>: ok
            </p>
            <p>
              <b>identifier</b>: urn:uuid:187e0c12-8dd2-67e2-99b2-bf273c878281
            </p>
            <p>
              <b>subject</b>: 
              <a href="patient-example.html">Generated Summary: MRN = 12345 (usual); Peter James Chalmers (official), Jim ; M; birthDate: 25-Dec 1974; active</a>
            </p>
            <p>
              <b>performer</b>: 
              <a href="practitioner-example.html">Generated Summary: 23; Adam Careful ; 
                <span title="Codes: {http://hl7.org/fhir/v2/0286 RP}">Referring Provider</span>; period: 1-Jan 2012 --&gt; 31-Mar 2012
              </a>
            </p>
            <blockquote>
              <p>
                <b>related</b>
              </p>
              <p>
                <b>type</b>: hascomponent
              </p>
              <p>
                <b>target</b>: 
                <a href="http://acme.org/ehr/observations/34252345234-s">http://acme.org/ehr/observations/34252345234-s</a>
              </p>
            </blockquote>
            <blockquote>
              <p>
                <b>related</b>
              </p>
              <p>
                <b>type</b>: hascomponent
              </p>
              <p>
                <b>target</b>: 
                <a href="http://acme.org/ehr/observations/34252345234-d">http://acme.org/ehr/observations/34252345234-d</a>
              </p>
            </blockquote>
          </div>
        </text>
        <name>
          <coding>
            <system value="http://loinc.org"/>
            <code value="55284-4"/>
            <display value="Blood pressure systolic &amp; diastolic"/>
          </coding>
        </name><!--   an interpretation offered to the combination observation
        generally, it would only be appropriate to offer an interpretation
        of an observation that has no value if it has "COMP" (component)
        observations   -->
        <interpretation>
          <coding>
            <system value="http://hl7.org/fhir/v2/0078"/>
            <code value="L"/>
            <display value="Below low normal"/>
          </coding>
          <text value="low"/>
        </interpretation>
        <appliesDateTime value="2012-09-17"/><!--   for an observation with components, these cannot disagree with the flags on the components   -->
        <status value="final"/>
        <reliability value="ok"/>
        <identifier>
          <system value="urn:ietf:rfc:3986"/>
          <value value="urn:uuid:187e0c12-8dd2-67e2-99b2-bf273c878281"/>
        </identifier>
        <subject>
          <reference value="Patient/example"/>
        </subject>
        <performer>
          <reference value="Practitioner/example"/>
        </performer>
        <related>
          <type value="has-component"/>
          <target>
            <reference value="http://acme.org/ehr/observations/34252345234-s"/>
          </target>
        </related>
        <related>
          <type value="has-component"/>
          <target>
            <reference value="http://acme.org/ehr/observations/34252345234-d"/>
          </target>
        </related>
      </Observation>
    </content>
    <summary type="xhtml">
      <div xmlns="http://www.w3.org/1999/xhtml">Sept 17, 2012: Systolic Blood pressure 107/60 mmHg (low)</div>
    </summary>
  </entry>
  <entry>
    <title>Blood Pressure Observation</title>
    <id>http://acme.org/ehr/observations/34252345234-s</id>
    <updated>2014-01-30T22:35:23+11:00</updated>
    <author>
      <name>FHIR Project Team</name>
    </author>
    <content type="text/xml">
      <Observation xmlns="http://hl7.org/fhir">
        <text>
          <status value="generated"/>
          <div xmlns="http://www.w3.org/1999/xhtml">Sept 17, 2012: Systolic Blood pressure 107 mmHg (low)
            <hr/>
            <p>
              <b>Generated Narrative with Details</b>
            </p>
            <p>
              <b>name</b>: Systolic blood pressure 
              <span style="background: LightGoldenRodYellow ">(Details : {LOINC code &#39;8480-6&#39; = &#39;Systolic blood pressure&#39;, given as &#39;Systolic blood pressure&#39;}; {SNOMED CT code &#39;271649006&#39; = &#39;Systolic blood pressure&#39;, given as &#39;Systolic blood pressure&#39;}; {http://acme.org/devices/clinical-codes code &#39;bp-s&#39; = &#39;bp-s&#39;, given as &#39;Systolic Blood pressure&#39;})</span>
            </p>
            <p>
              <b>value</b>: 107 mm[Hg]
            </p>
            <p>
              <b>status</b>: final_
            </p>
            <p>
              <b>reliability</b>: ok
            </p>
          </div>
        </text><!--   
           Observations are often coded in multiple code systems. 
           - Loinc provides a very specific code (though not usefully more specific in this particular case)
           - snomed provides a clinically relevant code that is usually less granular than LOINC
           - the source system provides it's own code, which may be less or more granular than LOINC
           -->
        <name><!--   LOINC - always recommended to have a LOINC code   -->
          <coding>
            <system value="http://loinc.org"/>
            <code value="8480-6"/>
            <display value="Systolic blood pressure"/>
          </coding><!--   SNOMED CT Codes - becoming more common   -->
          <coding>
            <system value="http://snomed.info/sct"/>
            <code value="271649006"/>
            <display value="Systolic blood pressure"/>
          </coding><!--   Also, a local code specific to the source system   -->
          <coding>
            <system value="http://acme.org/devices/clinical-codes"/>
            <code value="bp-s"/>
            <display value="Systolic Blood pressure"/>
          </coding>
        </name><!--   that shows the concept. The next two names only have a LOINC code   --><!--   no formal units in this example   -->
        <valueQuantity>
          <value value="107"/>
          <units value="mm[Hg]"/>
        </valueQuantity><!--   the mandatory quality flags:   -->
        <status value="final"/>
        <reliability value="ok"/>
      </Observation>
    </content>
    <summary type="xhtml">
      <div xmlns="http://www.w3.org/1999/xhtml">Sept 17, 2012: Systolic Blood pressure 107 mmHg (low)</div>
    </summary>
  </entry>
  <entry>
    <title>Blood Pressure Observation</title>
    <id>http://acme.org/ehr/observations/34252345234-d</id>
    <updated>2014-01-30T22:35:23+11:00</updated>
    <author>
      <name>FHIR Project Team</name>
    </author>
    <content type="text/xml">
      <Observation xmlns="http://hl7.org/fhir">
        <text>
          <status value="generated"/>
          <div xmlns="http://www.w3.org/1999/xhtml">Sept 17, 2012: Diastolic Blood pressure 60 mmHg (low)
            <hr/>
            <p>
              <b>Generated Narrative with Details</b>
            </p>
            <p>
              <b>name</b>: Diastolic blood pressure 
              <span style="background: LightGoldenRodYellow ">(Details : {LOINC code &#39;8462-4&#39; = &#39;Diastolic blood pressure&#39;, given as &#39;Diastolic blood pressure&#39;})</span>
            </p>
            <p>
              <b>value</b>: 60 mm[Hg]
            </p>
            <p>
              <b>status</b>: final_
            </p>
            <p>
              <b>reliability</b>: ok
            </p>
          </div>
        </text>
        <name>
          <coding>
            <system value="http://loinc.org"/>
            <code value="8462-4"/>
            <display value="Diastolic blood pressure"/>
          </coding>
        </name><!--   no formal units in this example   -->
        <valueQuantity>
          <value value="60"/>
          <units value="mm[Hg]"/>
        </valueQuantity><!--   the mandatory quality flags:   -->
        <status value="final"/>
        <reliability value="ok"/>
      </Observation>
    </content>
    <summary type="xhtml">
      <div xmlns="http://www.w3.org/1999/xhtml">Sept 17, 2012: Diastolic Blood pressure 60 mmHg (low)</div>
    </summary>
  </entry>
</feed>