<?xml version="1.0" encoding="UTF-8"?>

<Observation xmlns="http://hl7.org/fhir">
  <text>
    <status value="generated"/>
    <div xmlns="http://www.w3.org/1999/xhtml">
      <p>
        <b>Generated Narrative with Details</b>
      </p>
      <p>
        <b>name</b>: Glomerular filtration rate/1.73 sq M.predicted 
        <span style="background: LightGoldenRodYellow ">(Details : {LOINC code &#39;69405-9&#39; = &#39;Glomerular filtration rate/1.73 sq M.predicted&#39;, given as &#39;Glomerular filtration rate/1.73 sq M.predicted&#39;})</span>
      </p>
      <p>
        <b>value</b>: 54 mL/min/1.73m2
        <span style="background: LightGoldenRodYellow "> (Details: http://unitsofmeasure.org code mL/min/{1.73_m2} = &#39;mL/min/{1.73_m2}&#39;)</span>
      </p>
      <p>
        <b>interpretation</b>: low 
        <span style="background: LightGoldenRodYellow ">(Details : {http://hl7.org/fhir/v2/0078 code &#39;L&#39; = &#39;Below low normal&#39;, given as &#39;low&#39;})</span>
      </p>
      <p>
        <b>issued</b>: 4-Apr 2013 14:34
      </p>
      <p>
        <b>status</b>: final_
      </p>
      <p>
        <b>reliability</b>: ok
      </p>
      <p>
        <b>method</b>: Calculated laboratory test method 
        <span style="background: LightGoldenRodYellow ">(Details : {SNOMED CT code &#39;117337005&#39; = &#39;117337005&#39;, given as &#39;Calculated laboratory test method&#39;})</span>
      </p>
      <p>
        <b>identifier</b>: eGFR value of Roel on April 2013 - 03720 = 1304-03720-eGFR
      </p>
      <p>
        <b>subject</b>: 
        <a href="patient-example-f201-roel.html">Roel. Generated Summary: BSN = 123456789 (official), BSN = 123456789 (official); Roel(official); M; birthDate: 13-Mar 1960; 
          <span title="Codes: {http://snomed.info/sct 36629006}, {http://hl7.org/fhir/v3/MaritalStatus M}">Legally married</span>; 
          <span title="Codes: {urn:std:iso:639-1 nl-NL}">Dutch</span>; active
        </a>
      </p>
      <p>
        <b>performer</b>: 
        <a href="practitioner-example-f202-lm.html">Luigi Maas. Generated Summary: UZI-nummer = 12345678902 (official), BIG-nummer = 12345678902 (official); Luigi Maas(official); M; birthDate: 12-Jun 1960; 
          <span title="Codes: {http://snomed.info/sct 33526004}">Electronic laboratory reporting</span>; 
          <span title="Codes: {http://snomed.info/sct 159285000}">Medical laboratory technician</span>
        </a>
      </p>
      <h3>ReferenceRanges</h3>
      <table class="grid">
        <tr>
          <td>
            <b>Low</b>
          </td>
          <td>
            <b>High</b>
          </td>
          <td>
            <b>Meaning</b>
          </td>
          <td>
            <b>Age</b>
          </td>
          <td>
            <b>Text</b>
          </td>
        </tr>
        <tr>
          <td>60 mL/min/1.73m2
            <span style="background: LightGoldenRodYellow "> (Details: http://unitsofmeasure.org code mL/min/{1.73_m2} = &#39;mL/min/{1.73_m2}&#39;)</span>
          </td>
          <td> </td>
          <td> </td>
          <td> </td>
          <td> </td>
        </tr>
      </table>
    </div>
  </text>
  <name><!--   Kind of observation = eGFR   -->
    <coding>
      <system value="http://loinc.org"/>
      <code value="69405-9"/>
      <display value="Glomerular filtration rate/1.73 sq M.predicted"/>
    </coding>
  </name>
  <valueQuantity><!--   eGFR=54mL/min/1.73m2   -->
    <value value="54"/>
    <units value="mL/min/1.73m2"/>
    <system value="http://unitsofmeasure.org"/>
    <code value="mL/min/{1.73_m2}"/>
  </valueQuantity>
  <interpretation>
    <coding>
      <system value="http://hl7.org/fhir/v2/0078"/>
      <code value="L"/>
      <display value="low"/>
    </coding>
  </interpretation>
  <issued value="2013-04-04T14:34:00+01:00"/><!--   eGFR was measured on April fourth   -->
  <status value="final"/><!--   The observation is complete   -->
  <reliability value="ok"/><!--   No reliability concerns   -->
  <method><!--   Method was serum measurement   -->
    <coding>
      <system value="http://snomed.info/id"/>
      <code value="117337005"/>
      <display value="Calculated laboratory test method"/>
    </coding>
  </method>
  <identifier>
    <label value="eGFR value of Roel on April 2013 - 03720"/>
    <system value="https://intranet.aumc.nl/labvalues"/><!--   Does not exist   -->
    <value value="1304-03720-eGFR"/>
  </identifier>
  <subject><!--   It entails Roel's Glomerular rate   -->
    <reference value="Patient/f201"/>
    <display value="Roel"/>
  </subject>
  <performer><!--   by Luigi Maas   -->
    <reference value="Practitioner/f202"/>
    <display value="Luigi Maas"/>
  </performer>
  <referenceRange>
    <low>
      <value value="60"/>
      <units value="mL/min/1.73m2"/>
      <system value="http://unitsofmeasure.org"/>
      <code value="mL/min/{1.73_m2}"/>
    </low>
  </referenceRange>
</Observation>