<?xml version="1.0" encoding="UTF-8"?>

<Observation xmlns="http://hl7.org/fhir">
  <text>
    <status value="generated"/>
    <div xmlns="http://www.w3.org/1999/xhtml">
      <p>
        <b>Generated Narrative with Details</b>
      </p>
      <p>
        <b>name</b>: Body temperature 
        <span style="background: LightGoldenRodYellow ">(Details : {SNOMED CT code &#39;415945006&#39; = &#39;Oral temperature&#39;, given as &#39;Oral temperature&#39;}; {LOINC code &#39;8310-5&#39; = &#39;Body temperature&#39;, given as &#39;Body temperature&#39;})</span>
      </p>
      <p>
        <b>value</b>: 39 degrees C
        <span style="background: LightGoldenRodYellow "> (Details: SNOMED CT code 258710007 = &#39;degrees C&#39;)</span>
      </p>
      <p>
        <b>interpretation</b>: Above high normal 
        <span style="background: LightGoldenRodYellow ">(Details : {http://hl7.org/fhir/v2/0078 code &#39;H&#39; = &#39;Above high normal&#39;, given as &#39;null&#39;})</span>
      </p>
      <p>
        <b>issued</b>: 4-Apr 2013 13:27
      </p>
      <p>
        <b>status</b>: enteredInError
      </p>
      <p>
        <b>reliability</b>: questionable
      </p>
      <p>
        <b>bodySite</b>: Entire body as a whole 
        <span style="background: LightGoldenRodYellow ">(Details : {SNOMED CT code &#39;38266002&#39; = &#39;Total body&#39;, given as &#39;Entire body as a whole&#39;})</span>
      </p>
      <p>
        <b>method</b>: Oral temperature taking 
        <span style="background: LightGoldenRodYellow ">(Details : {SNOMED CT code &#39;89003005&#39; = &#39;Oral temperature taking&#39;, given as &#39;Oral temperature taking&#39;})</span>
      </p>
      <p>
        <b>subject</b>: 
        <a href="patient-example-f201-roel.html">Roel. Generated Summary: BSN = 123456789 (official), BSN = 123456789 (official); Roel(official); M; birthDate: 13-Mar 1960; 
          <span title="Codes: {http://snomed.info/sct 36629006}, {http://hl7.org/fhir/v3/MaritalStatus M}">Legally married</span>; 
          <span title="Codes: {urn:std:iso:639-1 nl-NL}">Dutch</span>; active
        </a>
      </p>
      <p>
        <b>performer</b>: 
        <a href="practitioner-example-f201-ab.html">Generated Summary: UZI-nummer = 12345678901 (official); Dokter Bronsig(official); M; birthDate: 24-Dec 1956; 
          <span title="Codes: {http://snomed.info/sct 225304007}">Implementation of planned interventions</span>; 
          <span title="Codes: {http://snomed.info/sct 310512001}">Medical oncologist</span>
        </a>
      </p>
      <h3>ReferenceRanges</h3>
      <table class="grid">
        <tr>
          <td>
            <b>Low</b>
          </td>
          <td>
            <b>High</b>
          </td>
          <td>
            <b>Meaning</b>
          </td>
          <td>
            <b>Age</b>
          </td>
          <td>
            <b>Text</b>
          </td>
        </tr>
        <tr>
          <td>37.5 degrees C</td>
          <td> </td>
          <td> </td>
          <td> </td>
          <td> </td>
        </tr>
      </table>
    </div>
  </text>
  <name><!--  Kind of observation = Oral Temperature  -->
    <coding>
      <system value="http://snomed.info/sct"/>
      <code value="415945006"/>
      <display value="Oral temperature"/>
    </coding>
    <coding>
      <system value="http://loinc.org"/>
      <code value="8310-5"/>
      <display value="Body temperature"/>
    </coding>
    <text value="Body temperature"/>
  </name>
  <valueQuantity><!--  Temperature=39 degrees Celsius  -->
    <value value="39"/>
    <units value="degrees C"/>
    <system value="http://snomed.info/sct"/>
    <code value="258710007"/>
  </valueQuantity>
  <interpretation>
    <coding>
      <system value="http://hl7.org/fhir/v2/0078"/>
      <code value="H"/>
    </coding>
  </interpretation>
  <issued value="2013-04-04T13:27:00+01:00"/><!--  Oral temperature was measured on April fourth  -->
  <status value="entered in error"/><!--  In the meantime a new oral temperature is measured  -->
  <reliability value="questionable"/><!--  http://www.ncbi.nlm.nih.gov/pmc/articles/PMC3418963/  -->
  <bodySite>
    <coding>
      <system value="http://snomed.info/sct"/>
      <code value="38266002"/>
      <display value="Entire body as a whole"/>
    </coding>
  </bodySite>
  <method>
    <coding>
      <system value="http://snomed.info/sct"/>
      <code value="89003005"/>
      <display value="Oral temperature taking"/>
    </coding>
  </method><!--  No identifier could be provided to this observation  -->
  <subject><!--  It entails Roel's temperature  -->
    <reference value="Patient/f201"/>
    <display value="Roel"/>
  </subject>
  <performer>
    <reference value="Practitioner/f201"/>
  </performer>
  <referenceRange><!--   0..* Provides guide for interpretation   -->
    <low>
      <value value="37.5"/>
      <units value="degrees C"/>
    </low>
  </referenceRange>
</Observation>