<?xml version="1.0" encoding="UTF-8"?>

<Order xmlns="http://hl7.org/fhir">
  <text>
    <status value="generated"/>
    <div xmlns="http://www.w3.org/1999/xhtml">
      <p>
        <b>Generated Narrative with Details</b>
      </p>
      <p>
        <b>date</b>: 5-Mar 2013 12:0
      </p>
      <p>
        <b>subject</b>: 
        <a href="patient-example-f201-roel.html">Roel. Generated Summary: BSN = 123456789 (official), BSN = 123456789 (official); Roel(official); M; birthDate: 13-Mar 1960; 
          <span title="Codes: {http://snomed.info/sct 36629006}, {http://hl7.org/fhir/v3/MaritalStatus M}">Legally married</span>; 
          <span title="Codes: {urn:std:iso:639-1 nl-NL}">Dutch</span>; active
        </a>
      </p>
      <p>
        <b>source</b>: 
        <a href="practitioner-example-f201-ab.html">Generated Summary: UZI-nummer = 12345678901 (official); Dokter Bronsig(official); M; birthDate: 24-Dec 1956; 
          <span title="Codes: {http://snomed.info/sct 225304007}">Implementation of planned interventions</span>; 
          <span title="Codes: {http://snomed.info/sct 310512001}">Medical oncologist</span>
        </a>
      </p>
      <p>
        <b>target</b>: 
        <a href="practitioner-example-f203-jvg.html">Juri van Gelder. Generated Summary: UZI-nummer = 12345678903 (official), BIG-nummer = 12345678903 (official); Juri van Gelder(official); M; birthDate: 20-Apr 1983; 
          <span title="Codes: {http://snomed.info/sct 36682004}">Physical therapist</span>; 
          <span title="Codes: {http://snomed.info/sct 410158009}">Assess physical therapist service</span>
        </a>
      </p>
      <p>
        <b>reason</b>: It concerns a one-off order for consultation in order to evaluate the stairs walking ability of Roel. 
        <span style="background: LightGoldenRodYellow ">(Details )</span>
      </p>
      <h3>Whens</h3>
      <table class="grid">
        <tr>
          <td>
            <b>Code</b>
          </td>
          <td>
            <b>Schedule</b>
          </td>
        </tr>
        <tr>
          <td>Normal priority 
            <span style="background: LightGoldenRodYellow ">(Details : {SNOMED CT code &#39;394848005&#39; = &#39;Normal priority&#39;, given as &#39;Normal priority&#39;})</span>
          </td>
          <td> </td>
        </tr>
      </table>
      <p>
        <b>detail</b>: Consultation, not yet developed
      </p>
    </div>
  </text>
  <date value="2013-03-05T12:00:00+01:00"/>
  <subject><!--  Order was sent to Juri van Gelder for Roel by Dokter Bronsig.  -->
    <reference value="Patient/f201"/>
    <display value="Roel"/>
  </subject>
  <source>
    <reference value="Practitioner/f201"/>
  </source>
  <target>
    <reference value="Practitioner/f203"/>
    <display value="Juri van Gelder"/>
  </target>
  <reasonCodeableConcept>
    <text value="It concerns a one-off order for consultation in order to evaluate the stairs walking ability of Roel."/>
  </reasonCodeableConcept><!--  <authority> and <payment> were registered in the EHR as "not applicable"  -->
  <when>
    <code>
      <coding>
        <system value="http://snomed.info/sct"/>
        <code value="394848005"/>
        <display value="Normal priority"/>
      </coding>
    </code>
  </when>
  <detail>
    <display value="Consultation, not yet developed"/>
  </detail>
</Order>