<?xml version="1.0" encoding="UTF-8"?>

<Organization xmlns="http://hl7.org/fhir">
  <text>
    <status value="generated"/>
    <div xmlns="http://www.w3.org/1999/xhtml">
      <p>
        <b>Generated Narrative with Details</b>
      </p>
      <p>
        <b>identifier</b>: 91654 (official), 17-0112278 (usual)
      </p>
      <p>
        <b>name</b>: Burgers University Medical Center
      </p>
      <p>
        <b>type</b>: University Medical Hospital 
        <span style="background: LightGoldenRodYellow ">(Details : {urn:oid:2.16.840.1.113883.2.4.15.1060 code &#39;V6&#39; = &#39;V6&#39;, given as &#39;University Medical Hospital&#39;}; {http://hl7.org/fhir/organization-type code &#39;prov&#39; = &#39;Healthcare Provider&#39;, given as &#39;Healthcare Provider&#39;})</span>
      </p>
      <p>
        <b>telecom</b>: ph: 022-655 2300(work)
      </p>
      <p>
        <b>address</b>: 
      </p>
      <ul>
        <li>Galapagosweg 91 Den Burg 9105 PZ NLD (work)</li>
        <li>PO Box 2311 Den Burg 9100 AA NLD (work)</li>
      </ul>
      <blockquote>
        <p>
          <b>contact</b>
        </p>
        <p>
          <b>purpose</b>: Press 
          <span style="background: LightGoldenRodYellow ">(Details : {http://hl7.org/fhir/contactentity-type code &#39;PRESS&#39; = &#39;Press&#39;, given as &#39;null&#39;})</span>
        </p>
        <p>
          <b>telecom</b>: ph: 022-655 2334
        </p>
      </blockquote>
      <blockquote>
        <p>
          <b>contact</b>
        </p>
        <p>
          <b>purpose</b>: Patient 
          <span style="background: LightGoldenRodYellow ">(Details : {http://hl7.org/fhir/contactentity-type code &#39;PATINF&#39; = &#39;Patient&#39;, given as &#39;null&#39;})</span>
        </p>
        <p>
          <b>telecom</b>: ph: 022-655 2335
        </p>
      </blockquote>
    </div>
  </text>
  <identifier>
    <use value="official"/>
    <system value="urn:oid:2.16.528.1"/>
    <value value="91654"/>
  </identifier>
  <identifier>
    <use value="usual"/>
    <system value="urn:oid:2.16.840.1.113883.2.4.6.1"/><!--   Dutch VEKTIS AGB-Z   -->
    <value value="17-0112278"/>
  </identifier>
  <name value="Burgers University Medical Center"/>
  <type>
    <coding>
      <system value="urn:oid:2.16.840.1.113883.2.4.15.1060"/><!--   RoleCodeNLUZIRoleCodeOrganisaties   -->
      <code value="V6"/>
      <display value="University Medical Hospital"/>
    </coding>
    <coding>
      <system value="http://hl7.org/fhir/organization-type"/>
      <code value="prov"/>
      <display value="Healthcare Provider"/>
    </coding>
  </type>
  <telecom>
    <system value="phone"/>
    <value value="022-655 2300"/>
    <use value="work"/>
  </telecom>
  <address>
    <use value="work"/>
    <line value="Galapagosweg 91"/>
    <city value="Den Burg"/>
    <zip value="9105 PZ"/>
    <country value="NLD"/>
  </address>
  <address>
    <use value="work"/>
    <line value="PO Box 2311"/>
    <city value="Den Burg"/>
    <zip value="9100 AA"/>
    <country value="NLD"/>
  </address>
  <contact>
    <purpose>
      <coding>
        <system value="http://hl7.org/fhir/contactentity-type"/>
        <code value="PRESS"/>
      </coding>
    </purpose>
    <telecom>
      <system value="phone"/>
      <value value="022-655 2334"/>
    </telecom>
  </contact>
  <contact>
    <purpose>
      <coding>
        <system value="http://hl7.org/fhir/contactentity-type"/>
        <code value="PATINF"/>
      </coding>
    </purpose>
    <telecom>
      <system value="phone"/>
      <value value="022-655 2335"/>
    </telecom>
  </contact>
</Organization>