<?xml version="1.0" encoding="UTF-8"?>

<Organization xmlns="http://hl7.org/fhir">
  <text>
    <status value="generated"/>
    <div xmlns="http://www.w3.org/1999/xhtml">
      Health Level Seven International
      <br/>
				3300 Washtenaw Avenue, Suite 227
      <br/>
				Ann Arbor, MI 48104
      <br/>
				USA
      <br/>
				(+1) 734-677-7777 (phone)
      <br/>
				(+1) 734-677-6622 (fax)
      <br/>
				E-mail:  
      <a href="mailto:hq@HL7.org">hq@HL7.org</a>
    
    </div>
  </text><!--   HL7 itself   -->
  <name value="Health Level Seven International"/>
  <telecom>
    <system value="phone"/>
    <value value="(+1) 734-677-7777"/>
  </telecom>
  <telecom>
    <system value="fax"/>
    <value value="(+1) 734-677-6622"/>
  </telecom>
  <telecom>
    <system value="email"/>
    <value value="hq@HL7.org"/>
  </telecom>
  <address>
    <line value="3300 Washtenaw Avenue, Suite 227"/>
    <city value="Ann Arbor"/>
    <state value="MI"/>
    <zip value="48104"/>
    <country value="USA"/>
  </address>
</Organization>