<?xml version="1.0" encoding="UTF-8"?>

<Practitioner xmlns="http://hl7.org/fhir">
  <text>
    <status value="generated"/>
    <div xmlns="http://www.w3.org/1999/xhtml">
      <p>
        <b>Generated Narrative with Details</b>
      </p>
      <p>
        <b>identifier</b>: UZI-nummer = 12345678902 (official), BIG-nummer = 12345678902 (official)
      </p>
      <p>
        <b>name</b>: Luigi Maas(official)
      </p>
      <p>
        <b>telecom</b>: ph: +31715269111(work)
      </p>
      <p>
        <b>address</b>: Walvisbaai 3 C4 - Automatisering Den helder 2333ZA NLD (work)
      </p>
      <p>
        <b>gender</b>: M
      </p>
      <p>
        <b>birthDate</b>: 12-Jun 1960
      </p>
      <p>
        <b>organization</b>: 
        <a href="organization-example-f201-aumc.html">AUMC. Generated Summary: Zorginstelling naam = Artis University Medical Center (official); name: Artis University Medical Center (AUMC); 
          <span title="Codes: {http://snomed.info/sct 405608006}, {urn:oid:2.16.840.1.113883.2.4.15.1060 V6}, {http://hl7.org/fhir/organization-type prov}">Academic Medical Center</span>; active
        </a>
      </p>
      <p>
        <b>role</b>: Electronic laboratory reporting 
        <span style="background: LightGoldenRodYellow ">(Details : {SNOMED CT code &#39;33526004&#39; = &#39;Laboratory reporting, computer&#39;, given as &#39;Electronic laboratory reporting&#39;})</span>
      </p>
      <p>
        <b>specialty</b>: Medical laboratory technician 
        <span style="background: LightGoldenRodYellow ">(Details : {SNOMED CT code &#39;159285000&#39; = &#39;Medical laboratory technician&#39;, given as &#39;Medical laboratory technician&#39;})</span>
      </p>
    </div>
  </text>
  <identifier><!--  The identifier for the person as this practitioner (fictive)  -->
    <use value="official"/>
    <label value="UZI-nummer"/>
    <system value="urn:oid:2.16.528.1.1007.3.1"/>
    <value value="12345678902"/>
  </identifier>
  <identifier><!--  The identifier for this individual  -->
    <use value="official"/>
    <label value="BIG-nummer"/>
    <system value="https://www.bigregister.nl/"/>
    <value value="12345678902"/>
  </identifier>
  <name><!--  The name of the practitioner  -->
    <use value="official"/>
    <text value="Luigi Maas"/>
    <family value="Maas"/>
    <given value="Luigi"/>
    <prefix value="Dr."/>
  </name>
  <telecom><!--  A contact detail for the individual  -->
    <system value="phone"/>
    <value value="+31715269111"/>
    <use value="work"/>
  </telecom>
  <address><!--  Work address for the individual  -->
    <use value="work"/>
    <line value="Walvisbaai 3"/>
    <line value="C4 - Automatisering"/>
    <city value="Den helder"/>
    <zip value="2333ZA"/>
    <country value="NLD"/>
  </address><!--  ISO 3166 3 letter code  -->
  <gender value="M"/><!--  The practitioner's administrative gender  -->
  <birthDate value="1960-06-12"/><!--      <photo>    
        <reference value="picture/@LM-203.bmp"/>
        <display value="Picture_Luigi_Maas"/>
    </photo>  -->
  <organization>
    <reference value="Organization/f201"/>
    <display value="AUMC"/>
  </organization>
  <role>
    <coding>
      <system value="http://snomed.info/sct"/>
      <code value="33526004"/>
      <display value="Electronic laboratory reporting"/>
    </coding>
  </role>
  <specialty>
    <coding>
      <system value="http://snomed.info/sct"/>
      <code value="159285000"/>
      <display value="Medical laboratory technician"/>
    </coding>
  </specialty>
</Practitioner>