<?xml version="1.0" encoding="UTF-8"?>

<Practitioner xmlns="http://hl7.org/fhir">
  <text>
    <status value="generated"/>
    <div xmlns="http://www.w3.org/1999/xhtml">
      <p>
        <b>Generated Narrative with Details</b>
      </p>
      <p>
        <b>identifier</b>: UZI-nummer = 12345678901 (official)
      </p>
      <p>
        <b>name</b>: Dokter Bronsig(official)
      </p>
      <p>
        <b>telecom</b>: ph: +31715269111(work)
      </p>
      <p>
        <b>address</b>: Walvisbaai 3 C4 - Automatisering Den helder 2333ZA NLD (work)
      </p>
      <p>
        <b>gender</b>: M
      </p>
      <p>
        <b>birthDate</b>: 24-Dec 1956
      </p>
      <p>
        <b>organization</b>: 
        <a href="organization-example-f201-aumc.html">AUMC. Generated Summary: Zorginstelling naam = Artis University Medical Center (official); name: Artis University Medical Center (AUMC); 
          <span title="Codes: {http://snomed.info/sct 405608006}, {urn:oid:2.16.840.1.113883.2.4.15.1060 V6}, {http://hl7.org/fhir/organization-type prov}">Academic Medical Center</span>; active
        </a>
      </p>
      <p>
        <b>role</b>: Implementation of planned interventions 
        <span style="background: LightGoldenRodYellow ">(Details : {SNOMED CT code &#39;225304007&#39; = &#39;Following the program plan&#39;, given as &#39;Implementation of planned interventions&#39;})</span>
      </p>
      <p>
        <b>specialty</b>: Medical oncologist 
        <span style="background: LightGoldenRodYellow ">(Details : {SNOMED CT code &#39;310512001&#39; = &#39;Medical oncologist&#39;, given as &#39;Medical oncologist&#39;})</span>
      </p>
      <h3>Qualifications</h3>
      <table class="grid">
        <tr>
          <td>
            <b>Identifier</b>
          </td>
          <td>
            <b>Code</b>
          </td>
          <td>
            <b>Period</b>
          </td>
          <td>
            <b>Issuer</b>
          </td>
        </tr>
        <tr>
          <td> </td>
          <td>Pulmonologist 
            <span style="background: LightGoldenRodYellow ">(Details : {SNOMED CT code &#39;41672002&#39; = &#39;Pulmonologist&#39;, given as &#39;Pulmonologist&#39;})</span>
          </td>
          <td> </td>
          <td> </td>
        </tr>
      </table>
    </div>
  </text>
  <identifier><!--  The identifier for the person as this practitioner (fictive)  -->
    <use value="official"/>
    <label value="UZI-nummer"/>
    <system value="urn:oid:2.16.528.1.1007.3.1"/>
    <value value="12345678901"/>
  </identifier><!--  Practitioner's personal demographics  -->
  <name><!--  The name of the practitioner  -->
    <use value="official"/>
    <text value="Dokter Bronsig"/>
    <family value="Bronsig"/>
    <given value="Arend"/>
    <prefix value="Dr."/>
  </name>
  <telecom><!--  A contact detail for the individual  -->
    <system value="phone"/>
    <value value="+31715269111"/>
    <use value="work"/>
  </telecom>
  <address><!--  Work address for the individual  -->
    <use value="work"/>
    <line value="Walvisbaai 3"/>
    <line value="C4 - Automatisering"/>
    <city value="Den helder"/>
    <zip value="2333ZA"/>
    <country value="NLD"/>
  </address><!--  ISO 3166 3 letter code  -->
  <gender value="M"/>
  <birthDate value="1956-12-24"/><!--  Fortunately, the doctor is still alive!  --><!--          <photo>
            <reference value="picture/@AB-201.bmp"/>
            <display value="Picture_Dokter_Bronsig"/>
        </photo>   -->
  <organization>
    <reference value="Organization/f201"/>
    <display value="AUMC"/>
  </organization>
  <role>
    <coding>
      <system value="http://snomed.info/sct"/>
      <code value="225304007"/>
      <display value="Implementation of planned interventions"/>
    </coding>
  </role>
  <specialty>
    <coding>
      <system value="http://snomed.info/sct"/>
      <code value="310512001"/>
      <display value="Medical oncologist"/>
    </coding>
  </specialty>
  <qualification>
    <code><!--  Dr. Bronsig is not only a medical oncologist, but also a pulmonologist  -->
      <coding>
        <system value="http://snomed.info/sct"/>
        <code value="41672002"/>
        <display value="Pulmonologist"/>
      </coding>
    </code>
  </qualification>
</Practitioner>