<?xml version="1.0" encoding="UTF-8"?>

<Practitioner xmlns="http://hl7.org/fhir">
  <text>
    <status value="generated"/>
    <div xmlns="http://www.w3.org/1999/xhtml">
      <p>
        <b>Generated Narrative with Details</b>
      </p>
      <p>
        <b>identifier</b>: 846100293 (official), 243HID3RT938 (usual)
      </p>
      <p>
        <b>name</b>: Marc Versteegh (official)
      </p>
      <p>
        <b>telecom</b>: ph: 0205562431(work), m.versteegh@bmc.nl(work), fax: 0205662948(work)
      </p>
      <p>
        <b>address</b>: Galapagosweg 91 Amsterdam 1105 AZ NLD (work)
      </p>
      <p>
        <b>gender</b>: M
      </p>
      <p>
        <b>birthDate</b>: 1-Jul 1963
      </p>
      <p>
        <b>organization</b>: 
        <a href="organization-example-f001-burgers.html">BMC. Generated Summary: 91654 (official), 17-0112278 (usual); name: Burgers University Medical Center; 
          <span title="Codes: {urn:oid:2.16.840.1.113883.2.4.15.1060 V6}, {http://hl7.org/fhir/organization-type prov}">University Medical Hospital</span>
        </a>
      </p>
      <p>
        <b>role</b>: Care role 
        <span style="background: LightGoldenRodYellow ">(Details : {urn:oid:2.16.840.1.113883.2.4.15.111 code &#39;01.000&#39; = &#39;01.000&#39;, given as &#39;Arts&#39;})</span>
      </p>
      <p>
        <b>specialty</b>: specialisation 
        <span style="background: LightGoldenRodYellow ">(Details : {urn:oid:2.16.840.1.113883.2.4.15.111 code &#39;01.011&#39; = &#39;01.011&#39;, given as &#39;Cardiothoracal surgery&#39;})</span>
      </p>
      <p>
        <b>communication</b>: Dutch 
        <span style="background: LightGoldenRodYellow ">(Details : {urn:oid:2.16.840.1.113883.6.121 code &#39;nl&#39; = &#39;nl&#39;, given as &#39;Dutch&#39;})</span>
      </p>
    </div>
  </text>
  <identifier>
    <use value="official"/>
    <system value="urn:oid:2.16.528.1.1007.3.1"/><!--   Identificatiesysteem Zorgverlener UZI   -->
    <value value="846100293"/>
  </identifier>
  <identifier>
    <use value="usual"/>
    <system value="urn:oid:2.16.840.1.113883.2.4.6.3"/><!--   BSN identification system   -->
    <value value="243HID3RT938"/>
  </identifier>
  <name>
    <use value="official"/>
    <family value="Versteegh"/>
    <given value="Marc"/>
    <suffix value="MD"/>
  </name>
  <telecom>
    <system value="phone"/>
    <value value="0205562431"/>
    <use value="work"/>
  </telecom>
  <telecom>
    <system value="email"/>
    <value value="m.versteegh@bmc.nl"/>
    <use value="work"/>
  </telecom>
  <telecom>
    <system value="fax"/>
    <value value="0205662948"/>
    <use value="work"/>
  </telecom>
  <address>
    <use value="work"/>
    <line value="Galapagosweg 91"/>
    <city value="Amsterdam"/>
    <zip value="1105 AZ"/>
    <country value="NLD"/>
  </address><!--   ISO 3166 Codes (Countries)   -->
  <gender value="M"/>
  <birthDate value="1963-07-01"/>
  <organization><!--   deze moet gekoppeld worden aan een RESOURCE ORGANIZATION   -->
    <reference value="Organization/f001"/>
    <display value="BMC"/>
  </organization>
  <role>
    <coding>
      <system value="urn:oid:2.16.840.1.113883.2.4.15.111"/><!--   "AssignedRoleType" coding system   -->
      <code value="01.000"/>
      <display value="Arts"/>
    </coding>
    <text value="Care role"/>
  </role>
  <specialty>
    <coding>
      <system value="urn:oid:2.16.840.1.113883.2.4.15.111"/><!--   "AssignedRoleType" coding system   -->
      <code value="01.011"/>
      <display value="Cardiothoracal surgery"/>
    </coding>
    <text value="specialisation"/>
  </specialty>
  <communication>
    <coding>
      <system value="urn:oid:2.16.840.1.113883.6.121"/><!--   List of ISO 639-1 language codes (ISO 3066)   -->
      <code value="nl"/>
      <display value="Dutch"/>
    </coding>
  </communication>
</Practitioner>