<?xml version="1.0" encoding="UTF-8"?>

<Procedure xmlns="http://hl7.org/fhir">
  <text>
    <status value="generated"/>
    <div xmlns="http://www.w3.org/1999/xhtml">
      <p>
        <b>Generated Narrative with Details</b>
      </p>
      <p>
        <b>subject</b>: 
        <a href="patient-example-f001-pieter.html">P. van de Heuvel. Generated Summary: 738472983 (usual), ?? (usual); Pieter van de Heuvel ; M; birthDate: 17-Nov 1944; 
          <span title="Codes: {http://hl7.org/fhir/v3/MaritalStatus M}">Getrouwd</span>; multipleBirth; 
          <span title="Codes: {urn:ietf:bcp:47 nl}">Nederlands</span>; active
        </a>
      </p>
      <p>
        <b>type</b>: Incision of retropharyngeal abscess 
        <span style="background: LightGoldenRodYellow ">(Details : {SNOMED CT code &#39;172960003&#39; = &#39;Incision of retropharyngeal abscess&#39;, given as &#39;Incision of retropharyngeal abscess&#39;})</span>
      </p>
      <p>
        <b>bodySite</b>: Retropharyngeal area 
        <span style="background: LightGoldenRodYellow ">(Details : {SNOMED CT code &#39;83030008&#39; = &#39;Retropharyngeal area&#39;, given as &#39;Retropharyngeal area&#39;})</span>
      </p>
      <p>
        <b>indication</b>: abcess in retropharyngeal area 
        <span style="background: LightGoldenRodYellow ">(Details )</span>
      </p>
      <h3>Performers</h3>
      <table class="grid">
        <tr>
          <td>
            <b>Person</b>
          </td>
          <td>
            <b>Role</b>
          </td>
        </tr>
        <tr>
          <td>
            <a href="practitioner-example-f001-evdb.html">E.M.J.M. van den broek. Generated Summary: 938273695 (official), 129IDH4OP733 (usual); Eric van den broek (official); M; birthDate: 7-Dec 1975; 
              <span title="Codes: {urn:oid:2.16.840.1.113883.2.4.15.111 01.000}">Care role</span>; 
              <span title="Codes: {urn:oid:2.16.840.1.113883.2.4.15.111 01.018}">specialisation</span>
            </a>
          </td>
          <td>Care role 
            <span style="background: LightGoldenRodYellow ">(Details : {urn:oid:2.16.840.1.113883.2.4.15.111 code &#39;01.000&#39; = &#39;01.000&#39;, given as &#39;Arts&#39;})</span>
          </td>
        </tr>
      </table>
      <p>
        <b>date</b>: 24-Mar 2013 9:30 --&gt; 24-Mar 2013 10:30
      </p>
      <p>
        <b>encounter</b>: 
        <a href="encounter-example-f003-abscess.html">Generated Summary: v6751 (official); finished; outpatient; 
          <span title="Codes: {http://snomed.info/sct 270427003}">Patient-initiated encounter</span>; 90 min; 
          <span title="Codes: {http://snomed.info/sct 18099001}">Retropharyngeal abscess</span>; 
          <span title="Codes: {http://snomed.info/sct 103391001}">Non-urgent ear, nose and throat admission</span>
        </a>
      </p>
      <p>
        <b>outcome</b>: removal of the retropharyngeal abscess
      </p>
      <p>
        <b>report</b>: 
        <a href="diagnosticreport-example-f001-bloodexam.html">Lab results blood test. Generated Summary: 
          <span title="Codes: {http://loinc.org 58410-2}">Complete blood count (hemogram) panel - Blood by Automated count</span>; final_; issued: 15-May 2013 19:32; P. van den Heuvel; Burgers University Medical Centre; nr1239044 (official); 
          <span title="Codes: {http://snomed.info/sct 252275004}, {http://hl7.org/fhir/v2/0074 HM}">Haematology test</span>; diagnostic: 2-Apr 2013; conclusion: Core lab
        </a>
      </p>
      <p>
        <b>followUp</b>: described in care plan
      </p>
    </div>
  </text>
  <subject>
    <reference value="Patient/f001"/>
    <display value="P. van de Heuvel"/>
  </subject>
  <type>
    <coding>
      <system value="http://snomed.info/sct"/>
      <code value="172960003"/>
      <display value="Incision of retropharyngeal abscess"/>
    </coding>
  </type>
  <bodySite>
    <coding>
      <system value="http://snomed.info/sct"/>
      <code value="83030008"/>
      <display value="Retropharyngeal area"/>
    </coding>
  </bodySite>
  <indication>
    <text value="abcess in retropharyngeal area"/>
  </indication>
  <performer>
    <person>
      <reference value="Practitioner/f001"/>
      <display value="E.M.J.M. van den broek"/>
    </person>
    <role>
      <coding>
        <system value="urn:oid:2.16.840.1.113883.2.4.15.111"/><!--   "AssignedRoleType" coding system   -->
        <code value="01.000"/>
        <display value="Arts"/>
      </coding>
      <text value="Care role"/>
    </role>
  </performer>
  <date>
    <start value="2013-03-24T09:30:10+01:00"/>
    <end value="2013-03-24T10:30:10+01:00"/>
  </date>
  <encounter>
    <reference value="Encounter/f003"/>
  </encounter>
  <outcome value="removal of the retropharyngeal abscess"/>
  <report>
    <reference value="DiagnosticReport/f001"/>
    <display value="Lab results blood test"/>
  </report>
  <followUp value="described in care plan"/>
</Procedure>